{
    "metadata": {
        "startTime": 1713121530934,
        "interval": 4000,
        "platform": {
            "type": 0,
            "version": "git-Purpur-2155 (MC: 1.20.4)",
            "minecraftVersion": "1.20.4",
            "sparkVersion": 2
        },
        "platformStatistics": {
            "memory": {
                "heap": {
                    "used": 790066752,
                    "total": 1166016512
                }
            },
            "uptime": 96766,
            "tps": {
                "last1m": 20.000131100859367,
                "last5m": 20.020427623100527,
                "last15m": 20.006804574324185
            },
            "mspt": {
                "last1m": {
                    "mean": 1.5837315,
                    "max": 34.4796,
                    "min": 0.7446,
                    "median": 1.4085,
                    "percentile95": 2.2031
                },
                "last5m": {
                    "mean": 2.872501652039236,
                    "max": 470.194,
                    "min": 0.7446,
                    "median": 1.5987,
                    "percentile95": 5.6515
                }
            },
            "playerCount": 0
        },
        "systemStatistics": {
            "cpu": {
                "threads": 6,
                "processUsage": {
                    "last1m": 0.01756092588153617,
                    "last15m": 0.0831282341964959
                },
                "systemUsage": {
                    "last1m": 0.5076003339986523,
                    "last15m": 0.5744095359567628
                },
                "modelName": ""
            },
            "memory": {
                "physical": {
                    "used": 14299680768,
                    "total": 17110405120
                },
                "swap": {
                    "used": 24719208448,
                    "total": 28921565184
                }
            },
            "gc": {
                "G1 Young Generation": {
                    "total": 69,
                    "avgTime": 18.130434782608695,
                    "avgFrequency": 2311
                },
                "G1 Old Generation": {
                    "total": 0,
                    "avgTime": 0,
                    "avgFrequency": 0
                }
            },
            "disk": {
                "used": 199883583488,
                "total": 1000202039296
            },
            "os": {
                "arch": "amd64",
                "version": "10.0"
            },
            "java": {
                "vendor": "Oracle Corporation",
                "version": "17.0.1",
                "vendorVersion": "unknown",
                "vmArgs": "-Xmx2G"
            },
            "uptime": 160740
        },
        "threadDumper": {
            "type": 1,
            "ids": [
                29
            ]
        },
        "dataAggregator": {
            "type": 0,
            "threadGrouper": 1,
            "tickLengthThreshold": 0,
            "numberOfIncludedTicks": 0
        },
        "comment": "",
        "endTime": 0,
        "numberOfTicks": 0,
        "samplerMode": 0
    }
}