{
    "metadata": {
        "startTime": 1723283698620,
        "interval": 4000,
        "platform": {
            "type": 0,
            "version": "36.2.39",
            "minecraftVersion": "1.16.5",
            "sparkVersion": 2,
            "brand": ""
        },
        "platformStatistics": {
            "memory": {
                "heap": {
                    "used": 3120353304,
                    "committed": 5234491392,
                    "init": 0,
                    "max": 0
                }
            },
            "gc": {
                "G1 Young Generation": {
                    "total": 0,
                    "avgTime": 0,
                    "avgFrequency": 0
                },
                "G1 Old Generation": {
                    "total": 0,
                    "avgTime": 0,
                    "avgFrequency": 0
                }
            },
            "uptime": 163249106,
            "tps": {
                "last1m": 20.001490444729665,
                "last5m": 19.999996287200688,
                "last15m": 19.999997896755776
            },
            "mspt": {
                "last1m": {
                    "mean": 7.426489185833334,
                    "max": 277.710482,
                    "min": 1.377944,
                    "median": 3.929058,
                    "percentile95": 12.088428
                },
                "last5m": {
                    "mean": 5.860068347833334,
                    "max": 387.078336,
                    "min": 0.637736,
                    "median": 3.357185,
                    "percentile95": 7.26285
                }
            },
            "ping": {
                "last15m": {
                    "mean": 111.07777777777778,
                    "max": 1044,
                    "min": 38,
                    "median": 47,
                    "percentile95": 462
                }
            },
            "playerCount": 0,
            "onlineMode": 0
        },
        "systemStatistics": {
            "cpu": {
                "threads": 4,
                "processUsage": {
                    "last1m": 0.1219047619047619,
                    "last15m": 0.06308632355299022
                },
                "systemUsage": {
                    "last1m": 0.12245005967142857,
                    "last15m": 0.06312283418
                },
                "modelName": "AMD Ryzen 9 5950X 16-Core Processor"
            },
            "memory": {
                "physical": {
                    "used": 125433446400,
                    "total": 134994755584
                },
                "swap": {
                    "used": -76371656704,
                    "total": 1499996160
                }
            },
            "gc": {
                "G1 Young Generation": {
                    "total": 1311,
                    "avgTime": 43.729214340198325,
                    "avgFrequency": 124719
                },
                "G1 Old Generation": {
                    "total": 0,
                    "avgTime": 0,
                    "avgFrequency": 0
                }
            },
            "disk": {
                "used": 713416757248,
                "total": 1916540731392
            },
            "os": {
                "arch": "amd64",
                "version": "6.9.6-x64v3-xanmod1"
            },
            "java": {
                "vendor": "Eclipse Adoptium",
                "version": "17.0.11",
                "vendorVersion": "Temurin-17.0.11+9",
                "vmArgs": "-Xms128M -XX:MaxRAMPercentage=95.0 -Dterminal.jline=false -Dterminal.ansi=true -Xmx10G"
            },
            "uptime": 163564173,
            "net": {
                "lo": {
                    "rxBytesPerSecond": {
                        "mean": 7.4,
                        "max": 17,
                        "min": 0,
                        "median": 6,
                        "percentile95": 17
                    },
                    "txBytesPerSecond": {
                        "mean": 7.4,
                        "max": 17,
                        "min": 0,
                        "median": 6,
                        "percentile95": 17
                    },
                    "rxPacketsPerSecond": {
                        "mean": 0,
                        "max": 0,
                        "min": 0,
                        "median": 0,
                        "percentile95": 0
                    },
                    "txPacketsPerSecond": {
                        "mean": 0,
                        "max": 0,
                        "min": 0,
                        "median": 0,
                        "percentile95": 0
                    }
                },
                "eth0": {
                    "rxBytesPerSecond": {
                        "mean": 681.6,
                        "max": 853,
                        "min": 580,
                        "median": 679,
                        "percentile95": 853
                    },
                    "txBytesPerSecond": {
                        "mean": 98.4,
                        "max": 288,
                        "min": 10,
                        "median": 75,
                        "percentile95": 288
                    },
                    "rxPacketsPerSecond": {
                        "mean": 3.6,
                        "max": 4,
                        "min": 3,
                        "median": 4,
                        "percentile95": 4
                    },
                    "txPacketsPerSecond": {
                        "mean": 0.4666666666666667,
                        "max": 1,
                        "min": 0,
                        "median": 0,
                        "percentile95": 1
                    }
                }
            }
        },
        "threadDumper": {
            "type": 1,
            "ids": [
                53
            ]
        },
        "dataAggregator": {
            "type": 0,
            "threadGrouper": 1,
            "tickLengthThreshold": 0,
            "numberOfIncludedTicks": 0
        },
        "comment": "",
        "endTime": 0,
        "numberOfTicks": 0,
        "samplerMode": 0
    }
}