{
    "metadata": {
        "startTime": 1722384152253,
        "interval": 4000,
        "platform": {
            "type": 1,
            "version": "36.2.34",
            "minecraftVersion": "1.16.5",
            "sparkVersion": 2,
            "brand": ""
        },
        "platformStatistics": {
            "memory": {
                "heap": {
                    "used": 4633311864,
                    "total": 6006243328
                }
            },
            "uptime": 588625,
            "tps": {
                "last1m": 19.995053023931348,
                "last5m": 19.9993063973884,
                "last15m": 19.72852838010048
            },
            "mspt": {
                "last1m": {
                    "mean": 1.0690528333333333,
                    "max": 3.4246,
                    "min": 0.6808,
                    "median": 1.0149,
                    "percentile95": 1.621
                },
                "last5m": {
                    "mean": 1.1533338,
                    "max": 48.5833,
                    "min": 0.4306,
                    "median": 1.0278,
                    "percentile95": 1.9005
                }
            },
            "playerCount": 0
        },
        "systemStatistics": {
            "cpu": {
                "threads": 4,
                "processUsage": {
                    "last1m": 0.22337481393546776,
                    "last15m": 0.17971856881227116
                },
                "systemUsage": {
                    "last1m": 0.4304889677586554,
                    "last15m": 0.43505039017464564
                },
                "modelName": ""
            },
            "memory": {
                "physical": {
                    "used": 15462449152,
                    "total": 17041461248
                },
                "swap": {
                    "used": 27249553408,
                    "total": 44958748672
                }
            },
            "gc": {
                "G1 Young Generation": {
                    "total": 98,
                    "avgTime": 51.03061224489796,
                    "avgFrequency": 6799
                },
                "G1 Old Generation": {
                    "total": 0,
                    "avgTime": 0,
                    "avgFrequency": 0
                }
            },
            "disk": {
                "used": 692361535488,
                "total": 999409315840
            },
            "os": {
                "arch": "amd64",
                "version": "10.0"
            },
            "java": {
                "vendor": "Oracle Corporation",
                "version": "1.8.0_51",
                "vendorVersion": "unknown",
                "vmArgs": "-XX:HeapDumpPath=MojangTricksIntelDriversForPerformance_javaw.exe_minecraft.exe.heapdump -Dos.name=Windows 10 -Dos.version=10.0 -Xss1M -Djava.library.path=C:\\Users\\sauls\\AppData\\Roaming\\.minecraft\\bin\\b8ae25b200147c0238c0f4d85842925021525a57 -Dminecraft.launcher.brand=minecraft-launcher -Dminecraft.launcher.version=2.27.19 -XX:+IgnoreUnrecognizedVMOptions --add-exports=java.base/sun.security.util=ALL-UNNAMED --add-exports=jdk.naming.dns/com.sun.jndi.dns=java.naming --add-opens=java.base/java.util.jar=ALL-UNNAMED -Xmx8G -XX:+UnlockExperimentalVMOptions -XX:+UseG1GC -XX:G1NewSizePercent=20 -XX:G1ReservePercent=20 -XX:MaxGCPauseMillis=50 -XX:G1HeapRegionSize=32M"
            },
            "uptime": 671338
        },
        "threadDumper": {
            "type": 1,
            "ids": [
                1
            ]
        },
        "dataAggregator": {
            "type": 1,
            "threadGrouper": 1,
            "tickLengthThreshold": 400000,
            "numberOfIncludedTicks": 0
        },
        "comment": "",
        "endTime": 0,
        "numberOfTicks": 0,
        "samplerMode": 0
    }
}