{
    "metadata": {
        "startTime": 1711977035109,
        "interval": 10000,
        "platform": {
            "type": 0,
            "version": "1.19.2-71 (MC: 1.19.2)",
            "minecraftVersion": "v1_19_R1",
            "sparkVersion": 2
        },
        "platformStatistics": {
            "memory": {
                "heap": {
                    "used": 2036534272,
                    "total": 6291456000
                }
            },
            "uptime": 60209,
            "tps": {
                "last1m": 20.01403495842957,
                "last5m": 20.002805416729625,
                "last15m": 20.000935051469575
            },
            "playerCount": 0,
            "world": {
                "totalEntities": 0,
                "worlds": [
                    {
                        "totalEntities": 0
                    }
                ]
            }
        },
        "systemStatistics": {
            "cpu": {
                "threads": 4,
                "processUsage": {
                    "last1m": 0.1167853035610787,
                    "last15m": 0.1257970285991104
                },
                "systemUsage": {
                    "last1m": 0.1884816354465654,
                    "last15m": 0.19539976155437075
                },
                "modelName": "AMD Ryzen 9 5900X 12-Core Processor"
            },
            "memory": {
                "physical": {
                    "used": 8136818688,
                    "total": 8589402112
                },
                "swap": {
                    "used": 8174436352,
                    "total": 11040989184
                }
            },
            "gc": {
                "G1 Young Generation": {
                    "total": 11,
                    "avgTime": 82.36363636363636,
                    "avgFrequency": 11542
                },
                "G1 Old Generation": {
                    "total": 0,
                    "avgTime": 0,
                    "avgFrequency": 0
                }
            },
            "disk": {
                "used": 26152525824,
                "total": 47949279232
            },
            "os": {
                "arch": "amd64",
                "version": "6.3.9600"
            },
            "java": {
                "vendor": "Eclipse Adoptium",
                "version": "17.0.10",
                "vendorVersion": "Temurin-17.0.10+7"
            },
            "uptime": 127872
        },
        "serverConfigurations": {
            "server.properties": {
                "enable-jmx-monitoring": false,
                "rcon.port": 25575,
                "enable-command-block": false,
                "gamemode": "survival",
                "enable-query": false,
                "generator-settings": "{}",
                "enforce-secure-profile": true,
                "level-name": "world",
                "query.port": 25565,
                "pvp": true,
                "generate-structures": true,
                "max-chained-neighbor-updates": 1000000,
                "difficulty": "easy",
                "network-compression-threshold": 256,
                "max-tick-time": 60000,
                "require-resource-pack": false,
                "max-players": 20,
                "use-native-transport": true,
                "enable-status": true,
                "online-mode": true,
                "allow-flight": false,
                "broadcast-rcon-to-ops": true,
                "view-distance": 10,
                "resource-pack-prompt": "",
                "allow-nether": true,
                "server-port": 25565,
                "enable-rcon": false,
                "sync-chunk-writes": true,
                "op-permission-level": 4,
                "prevent-proxy-connections": false,
                "hide-online-players": false,
                "entity-broadcast-range-percentage": 100,
                "simulation-distance": 10,
                "player-idle-timeout": 0,
                "debug": false,
                "force-gamemode": false,
                "rate-limit": 0,
                "hardcore": false,
                "white-list": true,
                "broadcast-console-to-ops": true,
                "previews-chat": false,
                "spawn-npcs": true,
                "spawn-animals": true,
                "function-permission-level": 2,
                "level-type": "minecraft:normal",
                "text-filtering-config": "",
                "spawn-monsters": true,
                "enforce-whitelist": false,
                "resource-pack-sha1": "",
                "spawn-protection": 16,
                "max-world-size": 29999984
            },
            "bukkit.yml": {
                "settings": {
                    "allow-end": true,
                    "warn-on-overload": true,
                    "permissions-file": "permissions.yml",
                    "update-folder": "update",
                    "plugin-profiling": false,
                    "connection-throttle": 4000,
                    "query-plugins": true,
                    "deprecated-verbose": "default",
                    "minimum-api": "none",
                    "use-map-color-cache": true
                },
                "spawn-limits": {
                    "monsters": 70,
                    "animals": 10,
                    "water-animals": 5,
                    "water-ambient": 20,
                    "water-underground-creature": 5,
                    "ambient": 15
                },
                "chunk-gc": {
                    "period-in-ticks": 600
                },
                "ticks-per": {
                    "animal-spawns": 400,
                    "monster-spawns": 1,
                    "water-spawns": 1,
                    "water-ambient-spawns": 1,
                    "water-underground-creature-spawns": 1,
                    "ambient-spawns": 1,
                    "autosave": 6000
                },
                "aliases": "now-in-commands.yml"
            },
            "spigot.yml": {
                "settings": {
                    "debug": false,
                    "sample-count": 12,
                    "player-shuffle": 0,
                    "user-cache-size": 1000,
                    "timeout-time": 60,
                    "restart-on-crash": true,
                    "restart-script": "./start.sh",
                    "attribute": {
                        "maxHealth": {
                            "max": 2048.0
                        },
                        "movementSpeed": {
                            "max": 2048.0
                        },
                        "attackDamage": {
                            "max": 2048.0
                        }
                    },
                    "log-villager-deaths": true,
                    "log-named-deaths": true,
                    "netty-threads": 4,
                    "bungeecord": false,
                    "moved-wrongly-threshold": 0.0625,
                    "moved-too-quickly-multiplier": 10.0,
                    "save-user-cache-on-stop-only": false
                },
                "commands": {
                    "spam-exclusions": [
                        "/skill"
                    ],
                    "log": true,
                    "replace-commands": [
                        "setblock",
                        "summon",
                        "testforblock",
                        "tellraw"
                    ],
                    "silent-commandblock-console": false,
                    "tab-complete": 0,
                    "send-namespaced": true
                },
                "players": {
                    "disable-saving": false
                },
                "advancements": {
                    "disable-saving": false,