{
    "metadata": {
        "startTime": 1720726006209,
        "interval": 4000,
        "platform": {
            "type": 0,
            "version": "36.2.39",
            "minecraftVersion": "1.16.5",
            "sparkVersion": 2,
            "brand": ""
        },
        "platformStatistics": {
            "memory": {
                "heap": {
                    "used": 4174761176,
                    "total": 6733955072
                }
            },
            "gc": {
                "PS Scavenge": {
                    "total": 13,
                    "avgTime": 23.307692307692307,
                    "avgFrequency": 190186
                },
                "PS MarkSweep": {
                    "total": 0,
                    "avgTime": 0,
                    "avgFrequency": 0
                }
            },
            "uptime": 2472721,
            "tps": {
                "last1m": 3.3157059265689224,
                "last5m": 9.968218905488055,
                "last15m": 14.951236073777537
            },
            "mspt": {
                "last1m": {
                    "mean": 305.7941390825,
                    "max": 1549.784391,
                    "min": 35.910213,
                    "median": 132.165982,
                    "percentile95": 1017.6603
                },
                "last5m": {
                    "mean": 90.532949918,
                    "max": 1716.366016,
                    "min": 16.785826,
                    "median": 36.51531,
                    "percentile95": 526.960953
                }
            },
            "ping": {
                "last15m": {
                    "mean": 116.08888888888889,
                    "max": 197,
                    "min": 90,
                    "median": 111,
                    "percentile95": 179
                }
            },
            "playerCount": 0
        },
        "systemStatistics": {
            "cpu": {
                "threads": 24,
                "processUsage": {
                    "last1m": 0.04827300982099295,
                    "last15m": 0.047233901848233
                },
                "systemUsage": {
                    "last1m": 0.1914241217925366,
                    "last15m": 0.18506977742250275
                },
                "modelName": "AMD Ryzen 9 5900X 12-Core Processor"
            },
            "memory": {
                "physical": {
                    "used": 85962895360,
                    "total": 134984941568
                },
                "swap": {
                    "used": 7602176,
                    "total": 85899341824
                }
            },
            "gc": {
                "PS Scavenge": {
                    "total": 525,
                    "avgTime": 67.31619047619047,
                    "avgFrequency": 4780
                },
                "PS MarkSweep": {
                    "total": 13,
                    "avgTime": 1954.7692307692307,
                    "avgFrequency": 193832
                }
            },
            "disk": {
                "used": 1207332564992,
                "total": 1967843901440
            },
            "os": {
                "arch": "amd64",
                "version": "5.15.0-113-generic"
            },
            "java": {
                "vendor": "Temurin",
                "version": "1.8.0_312",
                "vendorVersion": "unknown",
                "vmArgs": "-Xms128M -Xmx8192M -Dterminal.jline=false -Dterminal.ansi=true"
            },
            "uptime": 2545240,
            "net": {
                "lo": {
                    "rxBytesPerSecond": {
                        "mean": 2.8,
                        "max": 42,
                        "min": 0,
                        "median": 0,
                        "percentile95": 42
                    },
                    "txBytesPerSecond": {
                        "mean": 2.8,
                        "max": 42,
                        "min": 0,
                        "median": 0,
                        "percentile95": 42
                    },
                    "rxPacketsPerSecond": {
                        "mean": 0,
                        "max": 0,
                        "min": 0,
                        "median": 0,
                        "percentile95": 0
                    },
                    "txPacketsPerSecond": {
                        "mean": 0,
                        "max": 0,
                        "min": 0,
                        "median": 0,
                        "percentile95": 0
                    }
                },
                "gre0": {
                    "rxBytesPerSecond": {
                        "mean": 0,
                        "max": 0,
                        "min": 0,
                        "median": 0,
                        "percentile95": 0
                    },
                    "txBytesPerSecond": {
                        "mean": 0,
                        "max": 0,
                        "min": 0,
                        "median": 0,
                        "percentile95": 0
                    },
                    "rxPacketsPerSecond": {
                        "mean": 0,
                        "max": 0,
                        "min": 0,
                        "median": 0,
                        "percentile95": 0
                    },
                    "txPacketsPerSecond": {
                        "mean": 0,
                        "max": 0,
                        "min": 0,
                        "median": 0,
                        "percentile95": 0
                    }
                },
                "gretap0": {
                    "rxBytesPerSecond": {
                        "mean": 0,
                        "max": 0,
                        "min": 0,
                        "median": 0,
                        "percentile95": 0
                    },
                    "txBytesPerSecond": {
                        "mean": 0,
                        "max": 0,
                        "min": 0,
                        "median": 0,
                        "percentile95": 0
                    },
                    "rxPacketsPerSecond": {
                        "mean": 0,
                        "max": 0,
                        "min": 0,
                        "median": 0,
                        "percentile95": 0
                    },
                    "txPacketsPerSecond": {
                        "mean": 0,
                        "max": 0,
                        "min": 0,
                        "median": 0,
                        "percentile95": 0
                    }
                },
                "eth0": {
                    "rxBytesPerSecond": {
                        "mean": 45640.26666666667,
                        "max": 90825,
                        "min": 9982,
                        "median": 54068,
                        "percentile95": 90825
                    },
                    "txBytesPerSecond": {
                        "mean": 239017.53333333333,
                        "max": 362732,
                        "min": 86527,
                        "median": 249644,
                        "percentile95": 362732
                    },
                    "rxPacketsPerSecond": {
                        "mean": 716.8666666666667,
                        "max": 1564,
                        "min": 50,
                        "median": 890,
                        "percentile95": 1564
                    },
                    "txPacketsPerSecond": {
                        "mean": 1919.2666666666667,
                        "max": 3480,
                        "min": 95,
                        "median": 2301,
                        "percentile95": 3480
                    }
                },
                "erspan0": {
                    "rxBytesPerSecond": {
                        "mean": 0,
                        "max": 0,