{
    "metadata": {
        "startTime": 1711746566086,
        "interval": 4000,
        "platform": {
            "type": 0,
            "version": "1_8_R3 (MC: 1.8.8)",
            "minecraftVersion": "v1_8_R3",
            "sparkVersion": 2
        },
        "platformStatistics": {
            "memory": {
                "heap": {
                    "used": 5980927752,
                    "total": 8962703360
                }
            },
            "gc": {
                "PS Scavenge": {
                    "total": 7,
                    "avgTime": 231.57142857142858,
                    "avgFrequency": 1249901
                },
                "PS MarkSweep": {
                    "total": 1,
                    "avgTime": 1080,
                    "avgFrequency": 8749853
                }
            },
            "uptime": 8750933,
            "tps": {
                "last1m": 15.905943562713412,
                "last5m": 15.364234506730579,
                "last15m": 15.154637912019194
            },
            "mspt": {
                "last1m": {
                    "mean": 62.549357281666666,
                    "max": 1376.026724,
                    "min": 16.801076,
                    "median": 50.348093,
                    "percentile95": 140.500704
                },
                "last5m": {
                    "mean": 64.82330940033333,
                    "max": 2060.787035,
                    "min": 14.194153,
                    "median": 53.338506,
                    "percentile95": 133.889092
                }
            },
            "playerCount": 0
        },
        "systemStatistics": {
            "cpu": {
                "threads": 8,
                "processUsage": {
                    "last1m": 0.2960918159528121,
                    "last15m": 0.324444524213916
                },
                "systemUsage": {
                    "last1m": 0.4118766271962061,
                    "last15m": 0.4530063665656582
                },
                "modelName": "AMD Ryzen Threadripper PRO 5955WX 16-Cores"
            },
            "memory": {
                "physical": {
                    "used": 21700214784,
                    "total": 33651441664
                },
                "swap": {
                    "used": 0,
                    "total": 536866816
                }
            },
            "gc": {
                "PS Scavenge": {
                    "total": 607,
                    "avgTime": 298.0823723228995,
                    "avgFrequency": 14234
                },
                "PS MarkSweep": {
                    "total": 27,
                    "avgTime": 1014.2592592592592,
                    "avgFrequency": 325694
                }
            },
            "disk": {
                "used": 92995727360,
                "total": 422132277248
            },
            "os": {
                "arch": "amd64",
                "version": "5.15.0-101-generic"
            },
            "java": {
                "vendor": "Temurin",
                "version": "1.8.0_312",
                "vendorVersion": "unknown",
                "vmArgs": "-Xms128M -Xmx20G -Dterminal.jline=false -Dterminal.ansi=true"
            },
            "uptime": 8821123
        },
        "threadDumper": {
            "type": 1,
            "ids": [
                20
            ]
        },
        "dataAggregator": {
            "type": 0,
            "threadGrouper": 1,
            "tickLengthThreshold": 0,
            "numberOfIncludedTicks": 0
        },
        "comment": "",
        "endTime": 0,
        "numberOfTicks": 0,
        "samplerMode": 0
    }
}