{
    "metadata": {
        "startTime": 1727704503553,
        "interval": 4000,
        "platform": {
            "type": 2,
            "version": "git:Waterfall-Bootstrap:1.20-R0.3-SNAPSHOT:c5fd43a:565",
            "minecraftVersion": "",
            "sparkVersion": 2,
            "brand": ""
        },
        "platformStatistics": {
            "memory": {
                "heap": {
                    "used": 11307244960,
                    "committed": 14864613376,
                    "init": 0,
                    "max": 0
                }
            },
            "gc": {
                "G1 Young Generation": {
                    "total": 5,
                    "avgTime": 37,
                    "avgFrequency": 58426875
                },
                "G1 Old Generation": {
                    "total": 0,
                    "avgTime": 0,
                    "avgFrequency": 0
                }
            },
            "uptime": 292134563,
            "ping": {
                "last15m": {
                    "mean": 226.35555555555555,
                    "max": 406,
                    "min": 185,
                    "median": 227,
                    "percentile95": 260
                }
            },
            "playerCount": 779,
            "onlineMode": 0
        },
        "systemStatistics": {
            "cpu": {
                "threads": 32,
                "processUsage": {
                    "last1m": 0.20362474049347587,
                    "last15m": 0.16808578985738523
                },
                "systemUsage": {
                    "last1m": 0.6294294493073481,
                    "last15m": 0.5697919272755775
                },
                "modelName": "AMD Ryzen 9 7950X 16-Core Processor"
            },
            "memory": {
                "physical": {
                    "used": 78493888512,
                    "total": 134227935232
                },
                "swap": {
                    "used": 2310549504,
                    "total": 8589930496
                }
            },
            "gc": {
                "G1 Young Generation": {
                    "total": 9780,
                    "avgTime": 10.206850715746421,
                    "avgFrequency": 29860
                },
                "G1 Old Generation": {
                    "total": 0,
                    "avgTime": 0,
                    "avgFrequency": 0
                }
            },
            "disk": {
                "used": 982044905472,
                "total": 2008391528448
            },
            "os": {
                "arch": "amd64",
                "version": "6.8.0-41-generic"
            },
            "java": {
                "vendor": "Eclipse Adoptium",
                "version": "17.0.11",
                "vendorVersion": "Temurin-17.0.11+9",
                "vmArgs": "-Xms1G -Xmx16G --add-opens=java.base/java.net=ALL-UNNAMED --add-modules=jdk.incubator.vector -XX:+UseG1GC -XX:G1HeapRegionSize=4M -XX:+UnlockExperimentalVMOptions -XX:+ParallelRefProcEnabled -XX:+AlwaysPreTouch -XX:MaxInlineLevel=15 -Deaglerxbungee.stfu=true -Dterminal.jline=false -Dterminal.ansi=true"
            },
            "uptime": 292139214,
            "net": {
                "lo": {
                    "rxBytesPerSecond": {
                        "mean": 100,
                        "max": 168,
                        "min": 47,
                        "median": 90,
                        "percentile95": 168
                    },
                    "txBytesPerSecond": {
                        "mean": 100,
                        "max": 168,
                        "min": 47,
                        "median": 90,
                        "percentile95": 168
                    },
                    "rxPacketsPerSecond": {
                        "mean": 0.3333333333333333,
                        "max": 1,
                        "min": 0,
                        "median": 0,
                        "percentile95": 1
                    },
                    "txPacketsPerSecond": {
                        "mean": 0.3333333333333333,
                        "max": 1,
                        "min": 0,
                        "median": 0,
                        "percentile95": 1
                    }
                },
                "eth0": {
                    "rxBytesPerSecond": {
                        "mean": 64961043.2,
                        "max": 68676427,
                        "min": 57402322,
                        "median": 65233624,
                        "percentile95": 68676427
                    },
                    "txBytesPerSecond": {
                        "mean": 15999369.866666667,
                        "max": 16987339,
                        "min": 15320413,
                        "median": 15787830,
                        "percentile95": 16987339
                    },
                    "rxPacketsPerSecond": {
                        "mean": 150558.66666666666,
                        "max": 160874,
                        "min": 144359,
                        "median": 147791,
                        "percentile95": 160874
                    },
                    "txPacketsPerSecond": {
                        "mean": 154335.66666666666,
                        "max": 162768,
                        "min": 149079,
                        "median": 152564,
                        "percentile95": 162768
                    }
                }
            }
        },
        "threadDumper": {
            "type": 0
        },
        "dataAggregator": {
            "type": 0,
            "threadGrouper": 1,
            "tickLengthThreshold": 0,
            "numberOfIncludedTicks": 0
        },
        "comment": "",
        "endTime": 1727704635487,
        "numberOfTicks": 0,
        "plugins": {
            "ajqueue": {
                "name": "ajQueue",
                "version": "2.7.0",
                "author": "",
                "description": ""
            },
            "luckperms": {
                "name": "LuckPerms",
                "version": "5.4.111",
                "author": "",
                "description": ""
            },
            "nlogin": {
                "name": "nLogin",
                "version": "10.4.4",
                "author": "",
                "description": ""
            },
            "skinsrestorer": {
                "name": "SkinsRestorer",
                "version": "15.0.7",
                "author": "",
                "description": ""
            },
            "partyandfriends": {
                "name": "PartyAndFriends",
                "version": "1.0.93",
                "author": "",
                "description": ""
            },
            "leaderos": {
                "name": "LeaderOS",
                "version": "1.1.4",
                "author": "",
                "description": ""
            },
            "nuvotifier": {
                "name": "NuVotifier",
                "version": "2.7.3",
                "author": "",
                "description": ""
            },
            "cleanmotd": {
                "name": "CleanMOTD",
                "version": "0.2.8",
                "author": "",
                "description": ""
            },
            "spark": {
                "name": "spark",
                "version": "1.10.58",
                "author": "",
                "description": ""
            },
            "litebans": {
                "name": "LiteBans",
                "version": "2.14.1",
                "author": "",
                "description": ""
            }
        },
        "samplerMode": 0,
        "samplerEngine": 0
    }
}