{
    "metadata": {
        "startTime": 1711967333663,
        "interval": 4000,
        "platform": {
            "type": 0,
            "version": "36.2.39",
            "minecraftVersion": "1.16.5",
            "sparkVersion": 2
        },
        "platformStatistics": {
            "memory": {
                "heap": {
                    "used": 2050677712,
                    "total": 2411724800
                }
            },
            "gc": {
                "G1 Young Generation": {
                    "total": 5,
                    "avgTime": 51.2,
                    "avgFrequency": 17190
                },
                "G1 Old Generation": {
                    "total": 0,
                    "avgTime": 0,
                    "avgFrequency": 0
                }
            },
            "uptime": 86207,
            "tps": {
                "last1m": 19.334669142390553,
                "last5m": 19.864741327115006,
                "last15m": 19.954709578293855
            },
            "mspt": {
                "last1m": {
                    "mean": 40.88664058,
                    "max": 1541.984737,
                    "min": 5.858684,
                    "median": 32.867457,
                    "percentile95": 82.350488
                },
                "last5m": {
                    "mean": 39.777812040940105,
                    "max": 1541.984737,
                    "min": 3.327887,
                    "median": 31.642019,
                    "percentile95": 82.727012
                }
            },
            "ping": {
                "last15m": {
                    "mean": 93.83333333333333,
                    "max": 108,
                    "min": 78,
                    "median": 97,
                    "percentile95": 108
                }
            },
            "playerCount": 0
        },
        "systemStatistics": {
            "cpu": {
                "threads": 2,
                "processUsage": {
                    "last1m": 0.621452380952381,
                    "last15m": 0.7116315138118622
                },
                "systemUsage": {
                    "last1m": 0.6209753666666666,
                    "last15m": 0.711277871050681
                },
                "modelName": "AMD EPYC 7402P 24-Core Processor"
            },
            "memory": {
                "physical": {
                    "used": 196024631296,
                    "total": 270104506368
                },
                "swap": {
                    "used": 0,
                    "total": 3250585600
                }
            },
            "gc": {
                "G1 Young Generation": {
                    "total": 104,
                    "avgTime": 89.14423076923077,
                    "avgFrequency": 1938
                },
                "G1 Old Generation": {
                    "total": 0,
                    "avgTime": 0,
                    "avgFrequency": 0
                }
            },
            "disk": {
                "used": 112345051136,
                "total": 233826578432
            },
            "os": {
                "arch": "amd64",
                "version": "5.15.0-78-generic"
            },
            "java": {
                "vendor": "Eclipse Adoptium",
                "version": "17.0.10",
                "vendorVersion": "Temurin-17.0.10+7"
            },
            "uptime": 210841,
            "net": {
                "lo": {
                    "rxBytesPerSecond": {
                        "mean": 24,
                        "max": 24,
                        "min": 24,
                        "median": 24,
                        "percentile95": 24
                    },
                    "txBytesPerSecond": {
                        "mean": 24,
                        "max": 24,
                        "min": 24,
                        "median": 24,
                        "percentile95": 24
                    },
                    "rxPacketsPerSecond": {
                        "mean": 0,
                        "max": 0,
                        "min": 0,
                        "median": 0,
                        "percentile95": 0
                    },
                    "txPacketsPerSecond": {
                        "mean": 0,
                        "max": 0,
                        "min": 0,
                        "median": 0,
                        "percentile95": 0
                    }
                },
                "eth0": {
                    "rxBytesPerSecond": {
                        "mean": 5041,
                        "max": 5041,
                        "min": 5041,
                        "median": 5041,
                        "percentile95": 5041
                    },
                    "txBytesPerSecond": {
                        "mean": 36338,
                        "max": 36338,
                        "min": 36338,
                        "median": 36338,
                        "percentile95": 36338
                    },
                    "rxPacketsPerSecond": {
                        "mean": 58,
                        "max": 58,
                        "min": 58,
                        "median": 58,
                        "percentile95": 58
                    },
                    "txPacketsPerSecond": {
                        "mean": 89,
                        "max": 89,
                        "min": 89,
                        "median": 89,
                        "percentile95": 89
                    }
                }
            }
        },
        "threadDumper": {
            "type": 1,
            "ids": [
                47
            ]
        },
        "dataAggregator": {
            "type": 0,
            "threadGrouper": 1,
            "tickLengthThreshold": 0,
            "numberOfIncludedTicks": 0
        },
        "comment": "",
        "endTime": 0,
        "numberOfTicks": 0,
        "samplerMode": 0
    }
}