{
    "metadata": {
        "startTime": 1710085741323,
        "interval": 4000,
        "platform": {
            "type": 0,
            "version": "36.2.34",
            "minecraftVersion": "1.16.5",
            "sparkVersion": 2
        },
        "platformStatistics": {
            "memory": {
                "heap": {
                    "used": 2111176024,
                    "total": 3221225472
                }
            },
            "uptime": 374910,
            "tps": {
                "last1m": 20.00017303483037,
                "last5m": 19.99996414673094,
                "last15m": 20.000218133490197
            },
            "mspt": {
                "last1m": {
                    "mean": 9.622414166666667,
                    "max": 23.5422,
                    "min": 7.4636,
                    "median": 9.2418,
                    "percentile95": 12.2853
                },
                "last5m": {
                    "mean": 9.526216566666667,
                    "max": 537.8152,
                    "min": 6.6557,
                    "median": 9.0862,
                    "percentile95": 12.7124
                }
            },
            "ping": {
                "last15m": {
                    "mean": 24.727272727272727,
                    "max": 99,
                    "min": 1,
                    "median": 13,
                    "percentile95": 74
                }
            },
            "playerCount": 0
        },
        "systemStatistics": {
            "cpu": {
                "threads": 16,
                "processUsage": {
                    "last1m": 0.0021816592598686,
                    "last15m": 0.006709379524769332
                },
                "systemUsage": {
                    "last1m": 0.01293037863379721,
                    "last15m": 0.02472964952828959
                },
                "modelName": ""
            },
            "memory": {
                "physical": {
                    "used": 13641158656,
                    "total": 17105145856
                },
                "swap": {
                    "used": 18794418176,
                    "total": 23575474176
                }
            },
            "gc": {
                "G1 Young Generation": {
                    "total": 22,
                    "avgTime": 13.181818181818182,
                    "avgFrequency": 18270
                },
                "G1 Old Generation": {
                    "total": 0,
                    "avgTime": 0,
                    "avgFrequency": 0
                }
            },
            "disk": {
                "used": 234725801984,
                "total": 257195765760
            },
            "os": {
                "arch": "amd64",
                "version": "10.0"
            },
            "java": {
                "vendor": "Eclipse Adoptium",
                "version": "11.0.21",
                "vendorVersion": "Temurin-11.0.21+9",
                "vmArgs": "-Xmx3G -Xms3G -XX:+UnlockExperimentalVMOptions -XX:+UnlockDiagnosticVMOptions -XX:+AlwaysActAsServerClassMachine -XX:+AlwaysPreTouch -XX:+DisableExplicitGC -XX:NmethodSweepActivity=1 -XX:ReservedCodeCacheSize=400M -XX:NonNMethodCodeHeapSize=12M -XX:ProfiledCodeHeapSize=194M -XX:NonProfiledCodeHeapSize=194M -XX:-DontCompileHugeMethods -XX:MaxNodeLimit=240000 -XX:NodeLimitFudgeFactor=8000 -XX:+UseVectorCmov -XX:+PerfDisableSharedMem -XX:+UseFastUnorderedTimeStamps -XX:+UseCriticalJavaThreadPriority -XX:ThreadPriorityPolicy=1 -XX:AllocatePrefetchStyle=3 -XX:+UseG1GC -XX:MaxGCPauseMillis=130 -XX:+UnlockExperimentalVMOptions -XX:+DisableExplicitGC -XX:+AlwaysPreTouch -XX:G1NewSizePercent=28 -XX:G1HeapRegionSize=16M -XX:G1ReservePercent=20 -XX:G1MixedGCCountTarget=3 -XX:InitiatingHeapOccupancyPercent=10 -XX:G1MixedGCLiveThresholdPercent=90 -XX:G1RSetUpdatingPauseTimePercent=0 -XX:SurvivorRatio=32 -XX:MaxTenuringThreshold=1 -XX:G1SATBBufferEnqueueingThresholdPercent=30 -XX:G1ConcMarkStepDurationMillis=5 -XX:G1ConcRefinementServiceIntervalMillis=150 -XX:G1ConcRSHotCardLimit=16"
            },
            "uptime": 402248
        },
        "threadDumper": {
            "type": 1,
            "ids": [
                73
            ]
        },
        "dataAggregator": {
            "type": 0,
            "threadGrouper": 1,
            "tickLengthThreshold": 0,
            "numberOfIncludedTicks": 0
        },
        "comment": "",
        "endTime": 0,
        "numberOfTicks": 0,
        "samplerMode": 0
    }
}