{
    "metadata": {
        "startTime": 1715726373620,
        "interval": 4000,
        "platform": {
            "type": 0,
            "version": "36.2.39",
            "minecraftVersion": "1.16.5",
            "sparkVersion": 2
        },
        "platformStatistics": {
            "memory": {
                "heap": {
                    "used": 6218896992,
                    "total": 6315573248
                }
            },
            "gc": {
                "PS Scavenge": {
                    "total": 0,
                    "avgTime": 0,
                    "avgFrequency": 0
                },
                "PS MarkSweep": {
                    "total": 0,
                    "avgTime": 0,
                    "avgFrequency": 0
                }
            },
            "uptime": 2091243986,
            "tps": {
                "last1m": 19.999108577733455,
                "last5m": 19.99981907923663,
                "last15m": 20.000027375570806
            },
            "mspt": {
                "last1m": {
                    "mean": 1.7610688516666666,
                    "max": 82.029604,
                    "min": 1.176869,
                    "median": 1.625459,
                    "percentile95": 1.945359
                },
                "last5m": {
                    "mean": 1.7063436165,
                    "max": 248.34583,
                    "min": 0.594372,
                    "median": 1.628347,
                    "percentile95": 1.934175
                }
            },
            "ping": {
                "last15m": {
                    "mean": 48.05555555555556,
                    "max": 49,
                    "min": 48,
                    "median": 48,
                    "percentile95": 49
                }
            },
            "playerCount": 0
        },
        "systemStatistics": {
            "cpu": {
                "threads": 12,
                "processUsage": {
                    "last1m": 0.023230106307936923,
                    "last15m": 0.01724204183286548
                },
                "systemUsage": {
                    "last1m": 0.6020189579941815,
                    "last15m": 0.7010537719916731
                },
                "modelName": "Intel(R) Core(TM) i7-8700 CPU @ 3.20GHz"
            },
            "memory": {
                "physical": {
                    "used": 58155085824,
                    "total": 134973542400
                },
                "swap": {
                    "used": 3228303360,
                    "total": 38649454592
                }
            },
            "gc": {
                "PS Scavenge": {
                    "total": 6495,
                    "avgTime": 27.01632024634334,
                    "avgFrequency": 321966
                },
                "PS MarkSweep": {
                    "total": 14,
                    "avgTime": 1464.7142857142858,
                    "avgFrequency": 149380476
                }
            },
            "disk": {
                "used": 290573787136,
                "total": 1001561112576
            },
            "os": {
                "arch": "amd64",
                "version": "5.15.0-102-generic"
            },
            "java": {
                "vendor": "Temurin",
                "version": "1.8.0_312",
                "vendorVersion": "unknown",
                "vmArgs": "-Xms128M -Xmx12288M -Dterminal.jline=false -Dterminal.ansi=true"
            },
            "uptime": 2091347175,
            "net": {
                "lo": {
                    "rxBytesPerSecond": {
                        "mean": 0,
                        "max": 0,
                        "min": 0,
                        "median": 0,
                        "percentile95": 0
                    },
                    "txBytesPerSecond": {
                        "mean": 0,
                        "max": 0,
                        "min": 0,
                        "median": 0,
                        "percentile95": 0
                    },
                    "rxPacketsPerSecond": {
                        "mean": 0,
                        "max": 0,
                        "min": 0,
                        "median": 0,
                        "percentile95": 0
                    },
                    "txPacketsPerSecond": {
                        "mean": 0,
                        "max": 0,
                        "min": 0,
                        "median": 0,
                        "percentile95": 0
                    }
                },
                "eth0": {
                    "rxBytesPerSecond": {
                        "mean": 0,
                        "max": 0,
                        "min": 0,
                        "median": 0,
                        "percentile95": 0
                    },
                    "txBytesPerSecond": {
                        "mean": 0,
                        "max": 0,
                        "min": 0,
                        "median": 0,
                        "percentile95": 0
                    },
                    "rxPacketsPerSecond": {
                        "mean": 0,
                        "max": 0,
                        "min": 0,
                        "median": 0,
                        "percentile95": 0
                    },
                    "txPacketsPerSecond": {
                        "mean": 0,
                        "max": 0,
                        "min": 0,
                        "median": 0,
                        "percentile95": 0
                    }
                }
            }
        },
        "threadDumper": {
            "type": 1,
            "ids": [
                93
            ]
        },
        "dataAggregator": {
            "type": 0,
            "threadGrouper": 1,
            "tickLengthThreshold": 0,
            "numberOfIncludedTicks": 0
        },
        "comment": "",
        "endTime": 0,
        "numberOfTicks": 0,
        "samplerMode": 0
    }
}