{
    "metadata": {
        "startTime": 1718565855534,
        "interval": 10000,
        "platform": {
            "type": 0,
            "version": "git-PandaSpigot-\"858ab0f\" (MC: 1.8.8)",
            "minecraftVersion": "v1_8_R3",
            "sparkVersion": 2
        },
        "platformStatistics": {
            "memory": {
                "heap": {
                    "used": 453953688,
                    "total": 813694976
                }
            },
            "gc": {
                "G1 Young Generation": {
                    "total": 3,
                    "avgTime": 28.666666666666668,
                    "avgFrequency": 14883
                },
                "G1 Old Generation": {
                    "total": 0,
                    "avgTime": 0,
                    "avgFrequency": 0
                }
            },
            "uptime": 44737,
            "tps": {
                "last1m": 24.483417609836167,
                "last5m": 20.760328681899555,
                "last15m": 20.24717833471882
            },
            "mspt": {
                "last1m": {
                    "mean": 2.597766010762332,
                    "max": 433.110679,
                    "min": 0.155561,
                    "median": 0.355802,
                    "percentile95": 4.749785
                },
                "last5m": {
                    "mean": 2.597766010762332,
                    "max": 433.110679,
                    "min": 0.155561,
                    "median": 0.355802,
                    "percentile95": 4.749785
                }
            },
            "playerCount": 1,
            "world": {
                "totalEntities": 1,
                "entityCounts": {
                    "unknown[PLAYER]": 1
                },
                "worlds": [
                    {
                        "totalEntities": 0
                    },
                    {
                        "totalEntities": 0
                    },
                    {
                        "totalEntities": 1,
                        "regions": [
                            {
                                "totalEntities": 1,
                                "chunks": [
                                    {
                                        "x": 4,
                                        "z": 5,
                                        "totalEntities": 1,
                                        "entityCounts": {
                                            "unknown[PLAYER]": 1
                                        }
                                    }
                                ]
                            }
                        ]
                    },
                    {
                        "totalEntities": 0
                    },
                    {
                        "totalEntities": 0
                    }
                ]
            }
        },
        "systemStatistics": {
            "cpu": {
                "threads": 4,
                "processUsage": {
                    "last1m": 0.11257549294783462,
                    "last15m": 0.11257549294783462
                },
                "systemUsage": {
                    "last1m": 0.16985790963839806,
                    "last15m": 0.16985790963839806
                },
                "modelName": ""
            },
            "memory": {
                "physical": {
                    "used": 4102090752,
                    "total": 25146720256
                },
                "swap": {
                    "used": 0,
                    "total": 0
                }
            },
            "gc": {
                "G1 Young Generation": {
                    "total": 26,
                    "avgTime": 22.115384615384617,
                    "avgFrequency": 2207
                },
                "G1 Old Generation": {
                    "total": 0,
                    "avgTime": 0,
                    "avgFrequency": 0
                }
            },
            "disk": {
                "used": 21501743104,
                "total": 48277495808
            },
            "os": {
                "arch": "aarch64",
                "version": "6.5.0-1023-oracle"
            },
            "java": {
                "vendor": "Oracle Corporation",
                "version": "17.0.9",
                "vendorVersion": "Oracle GraalVM 17.0.9+11.1"
            },
            "uptime": 57958
        },
        "serverConfigurations": {
            "server.properties": {
                "view-distance": 10,
                "max-build-height": 256,
                "gamemode": 0,
                "allow-nether": true,
                "enable-command-block": false,
                "server-port": 25572,
                "enable-rcon": false,
                "enable-query": false,
                "op-permission-level": 4,
                "generator-settings": "",
                "player-idle-timeout": 0,
                "level-name": "world",
                "announce-player-achievements": false,
                "force-gamemode": false,
                "debug": false,
                "hardcore": false,
                "white-list": false,
                "broadcast-console-to-ops": true,
                "pvp": true,
                "spawn-npcs": true,
                "spawn-animals": true,
                "generate-structures": true,
                "snooper-enabled": true,
                "transport-to-use": "default",
                "difficulty": 1,
                "network-compression-threshold": 256,
                "level-type": "DEFAULT",
                "spawn-monsters": true,
                "max-players": 40,
                "use-native-transport": true,
                "spawn-protection": 0,
                "online-mode": false,
                "allow-flight": false,
                "resource-pack-hash": "",
                "max-world-size": 29999984
            },
            "bukkit.yml": {
                "settings": {
                    "allow-end": true,
                    "warn-on-overload": true,
                    "permissions-file": "permissions.yml",
                    "update-folder": "update",
                    "plugin-profiling": false,
                    "connection-throttle": 4000,
                    "query-plugins": true,
                    "deprecated-verbose": "default"
                },
                "spawn-limits": {
                    "monsters": 15,
                    "animals": 5,
                    "water-animals": 5,
                    "ambient": 1
                },
                "chunk-gc": {
                    "period-in-ticks": 400,
                    "load-threshold": 0
                },
                "ticks-per": {
                    "animal-spawns": 400,
                    "monster-spawns": 4,
                    "autosave": 6000
                },
                "aliases": "now-in-commands.yml"
            },
            "spigot.yml": {
                "config-version": 8,
                "settings": {
                    "debug": false,
                    "bungeecord": true,
                    "late-bind": false,
                    "sample-count": 12,
                    "player-shuffle": 0,
                    "filter-creative-items": true,
                    "user-cache-size": 1000,
                    "save-user-cache-on-stop-only": false,
                    "int-cache-limit": 1024,
                    "moved-wrongly-threshold": 0.0625,
                    "moved-too-quickly-threshold": 100.0,
                    "timeout-time": 60,
                    "restart-on-crash": true,
                    "restart-script": "./start.sh",
                    "netty-threads": 4,
                    "attribute": {
                        "maxHealth": {
                            "max": 2048.0
                        },