{
    "metadata": {
        "startTime": 1721059352017,
        "interval": 4000,
        "platform": {
            "type": 2,
            "version": "3.3.0-SNAPSHOT (git-5154f029-b404)",
            "minecraftVersion": "",
            "sparkVersion": 2,
            "brand": "Velocity"
        },
        "platformStatistics": {
            "memory": {
                "heap": {
                    "used": 475522664,
                    "total": 599785472
                }
            },
            "uptime": 4301610,
            "ping": {
                "last15m": {
                    "mean": 1,
                    "max": 1,
                    "min": 1,
                    "median": 1,
                    "percentile95": 1
                }
            },
            "playerCount": 0
        },
        "systemStatistics": {
            "cpu": {
                "threads": 16,
                "processUsage": {
                    "last1m": 0.0193300305900784,
                    "last15m": 0.0027825597766588392
                },
                "systemUsage": {
                    "last1m": 0.07279115981474188,
                    "last15m": 0.2521818046570845
                },
                "modelName": "AMD Ryzen 7 5800X 8-Core Processor"
            },
            "memory": {
                "physical": {
                    "used": 23805349888,
                    "total": 34265268224
                },
                "swap": {
                    "used": 31827480576,
                    "total": 38585171968
                }
            },
            "gc": {
                "G1 Young Generation": {
                    "total": 178,
                    "avgTime": 2.4157303370786516,
                    "avgFrequency": 24177
                },
                "G1 Concurrent GC": {
                    "total": 142,
                    "avgTime": 0.9225352112676056,
                    "avgFrequency": 30308
                },
                "G1 Old Generation": {
                    "total": 3,
                    "avgTime": 36.333333333333336,
                    "avgFrequency": 1434611
                }
            },
            "disk": {
                "used": 763119284224,
                "total": 999482294272
            },
            "os": {
                "arch": "amd64",
                "version": "10.0.19045"
            },
            "java": {
                "vendor": "BellSoft",
                "version": "21.0.3",
                "vendorVersion": "unknown",
                "vmArgs": "-Xmx2G"
            },
            "uptime": 4303942
        },
        "threadDumper": {
            "type": 0
        },
        "dataAggregator": {
            "type": 0,
            "threadGrouper": 1,
            "tickLengthThreshold": 0,
            "numberOfIncludedTicks": 0
        },
        "comment": "",
        "endTime": 1721059394742,
        "numberOfTicks": 0,
        "plugins": {
            "luckperms": {
                "name": "luckperms",
                "version": "5.4.134"
            },
            "librelogin": {
                "name": "librelogin",
                "version": "0.22.0"
            },
            "maintenance": {
                "name": "maintenance",
                "version": "4.2.1"
            },
            "minimotd-velocity": {
                "name": "minimotd-velocity",
                "version": "2.1.2"
            },
            "miniplaceholders": {
                "name": "miniplaceholders",
                "version": "2.2.4"
            },
            "skinsrestorer": {
                "name": "skinsrestorer",
                "version": "15.0.15"
            },
            "spark": {
                "name": "spark",
                "version": "1.10.74"
            },
            "tab": {
                "name": "tab",
                "version": "4.1.6"
            },
            "viaversion": {
                "name": "viaversion",
                "version": "5.0.1"
            },
            "viabackwards": {
                "name": "viabackwards",
                "version": "5.0.1"
            }
        },
        "samplerMode": 0
    }
}