{
    "metadata": {
        "startTime": 1719069575660,
        "interval": 4000,
        "platform": {
            "type": 2,
            "version": "3.3.0-SNAPSHOT (git-afd8b55f-b390)",
            "minecraftVersion": "",
            "sparkVersion": 2
        },
        "platformStatistics": {
            "memory": {
                "heap": {
                    "used": 290342584,
                    "total": 402653184
                }
            },
            "uptime": 2031317,
            "ping": {
                "last15m": {
                    "mean": 16.011111111111113,
                    "max": 85,
                    "min": 8,
                    "median": 14,
                    "percentile95": 26
                }
            },
            "playerCount": 3
        },
        "systemStatistics": {
            "cpu": {
                "threads": 8,
                "processUsage": {
                    "last1m": 0.0011708033836975264,
                    "last15m": 0.0038729902470624176
                },
                "systemUsage": {
                    "last1m": 0.002740367842562075,
                    "last15m": 0.06879390832691434
                },
                "modelName": "Intel(R) Xeon(R) CPU E5-2696 v4 @ 2.20GHz"
            },
            "memory": {
                "physical": {
                    "used": 6742708224,
                    "total": 8589463552
                },
                "swap": {
                    "used": 8555659264,
                    "total": 10886606848
                }
            },
            "gc": {
                "G1 Young Generation": {
                    "total": 115,
                    "avgTime": 5.243478260869566,
                    "avgFrequency": 17715
                },
                "G1 Concurrent GC": {
                    "total": 72,
                    "avgTime": 3.9444444444444446,
                    "avgFrequency": 28299
                },
                "G1 Old Generation": {
                    "total": 0,
                    "avgTime": 0,
                    "avgFrequency": 0
                }
            },
            "disk": {
                "used": 22749732864,
                "total": 42371903488
            },
            "os": {
                "arch": "amd64",
                "version": "10.0.17763"
            },
            "java": {
                "vendor": "Oracle Corporation",
                "version": "21.0.3",
                "vendorVersion": "unknown",
                "vmArgs": "-Xmx4096M -XX:+UnlockExperimentalVMOptions -XX:+UnlockDiagnosticVMOptions -XX:+AlwaysActAsServerClassMachine -XX:+AlwaysPreTouch -XX:+DisableExplicitGC -XX:+UseNUMA -XX:NmethodSweepActivity=1 -XX:ReservedCodeCacheSize=400M -XX:NonNMethodCodeHeapSize=12M -XX:ProfiledCodeHeapSize=194M -XX:NonProfiledCodeHeapSize=194M -XX:-DontCompileHugeMethods -XX:MaxNodeLimit=240000 -XX:NodeLimitFudgeFactor=8000 -XX:+UseVectorCmov -XX:+PerfDisableSharedMem -XX:+UseFastUnorderedTimeStamps -XX:+UseCriticalJavaThreadPriority -XX:ThreadPriorityPolicy=1 -XX:AllocatePrefetchStyle=3 -XX:+UseG1GC -XX:MaxGCPauseMillis=130 -XX:+UnlockExperimentalVMOptions -XX:+DisableExplicitGC -XX:+AlwaysPreTouch -XX:G1NewSizePercent=28 -XX:G1HeapRegionSize=16M -XX:G1ReservePercent=20 -XX:G1MixedGCCountTarget=3 -XX:InitiatingHeapOccupancyPercent=10 -XX:G1MixedGCLiveThresholdPercent=90 -XX:G1RSetUpdatingPauseTimePercent=0 -XX:SurvivorRatio=32 -XX:MaxTenuringThreshold=1 -XX:G1SATBBufferEnqueueingThresholdPercent=30 -XX:G1ConcMarkStepDurationMillis=5 -XX:G1ConcRSHotCardLimit=16 -XX:G1ConcRefinementServiceIntervalMillis=150"
            },
            "uptime": 2037848
        },
        "threadDumper": {
            "type": 0
        },
        "dataAggregator": {
            "type": 0,
            "threadGrouper": 1,
            "tickLengthThreshold": 0,
            "numberOfIncludedTicks": 0
        },
        "comment": "",
        "endTime": 1719071532883,
        "numberOfTicks": 0,
        "plugins": {
            "botsentry": {
                "name": "botsentry",
                "version": "9.6-THANATOS"
            },
            "luckperms": {
                "name": "luckperms",
                "version": "5.4.126"
            },
            "maintenance": {
                "name": "maintenance",
                "version": "4.2.1"
            },
            "skinsrestorer": {
                "name": "skinsrestorer",
                "version": "15.0.11"
            },
            "spark": {
                "name": "spark",
                "version": "1.10.73"
            },
            "viaversion": {
                "name": "viaversion",
                "version": "5.0.1-SNAPSHOT"
            },
            "viabackwards": {
                "name": "viabackwards",
                "version": "5.0.0"
            }
        },
        "samplerMode": 0
    }
}