{
    "metadata": {
        "startTime": 1720994026901,
        "interval": 10000,
        "platform": {
            "type": 0,
            "version": "git-PaperSpigot-445 (MC: 1.8.8)",
            "minecraftVersion": "v1_8_R3",
            "sparkVersion": 2,
            "brand": "CraftBukkit"
        },
        "platformStatistics": {
            "memory": {
                "heap": {
                    "used": 291885616,
                    "total": 2030567424
                }
            },
            "uptime": 376008,
            "tps": {
                "last1m": 19.988592643435677,
                "last5m": 19.99772306585097,
                "last15m": 20.01477630668007
            },
            "playerCount": 1,
            "world": {
                "totalEntities": 1,
                "entityCounts": {
                    "unknown[PLAYER]": 1
                },
                "worlds": [
                    {
                        "totalEntities": 1,
                        "regions": [
                            {
                                "totalEntities": 1,
                                "chunks": [
                                    {
                                        "x": 0,
                                        "z": 0,
                                        "totalEntities": 1,
                                        "entityCounts": {
                                            "unknown[PLAYER]": 1
                                        }
                                    }
                                ]
                            }
                        ]
                    }
                ]
            }
        },
        "systemStatistics": {
            "cpu": {
                "threads": 6,
                "processUsage": {
                    "last1m": 0.009453451896002368,
                    "last15m": 0.006858086401378356
                },
                "systemUsage": {
                    "last1m": 0.15783745157853765,
                    "last15m": 0.12544119322883532
                },
                "modelName": "Intel(R) Core(TM) i5-8400 CPU @ 2.80GHz"
            },
            "memory": {
                "physical": {
                    "used": 15562309632,
                    "total": 17092894720
                },
                "swap": {
                    "used": 29890080768,
                    "total": 33549692928
                }
            },
            "gc": {
                "PS Scavenge": {
                    "total": 5,
                    "avgTime": 110.8,
                    "avgFrequency": 79588
                },
                "PS MarkSweep": {
                    "total": 3,
                    "avgTime": 315,
                    "avgFrequency": 132516
                }
            },
            "disk": {
                "used": 213914071040,
                "total": 239270182912
            },
            "os": {
                "arch": "amd64",
                "version": "10.0.22631"
            },
            "java": {
                "vendor": "Oracle Corporation",
                "version": "1.8.0_202",
                "vendorVersion": "unknown",
                "vmArgs": "-Xms2048M -Xmx2048M -Dfile.encoding=UTF-8"
            },
            "uptime": 398495
        },
        "serverConfigurations": {
            "server.properties": {
                "view-distance": 6,
                "max-build-height": 256,
                "server-port": 25568,
                "enable-command-block": false,
                "gamemode": 0,
                "allow-nether": false,
                "enable-rcon": false,
                "op-permission-level": 4,
                "enable-query": false,
                "generator-settings": "",
                "level-name": "world",
                "player-idle-timeout": 0,
                "announce-player-achievements": false,
                "debug": false,
                "force-gamemode": false,
                "hardcore": false,
                "white-list": false,
                "broadcast-console-to-ops": true,
                "pvp": true,
                "spawn-npcs": true,
                "generate-structures": true,
                "spawn-animals": true,
                "snooper-enabled": true,
                "difficulty": 1,
                "network-compression-threshold": "-1",
                "level-type": "DEFAULT",
                "spawn-monsters": true,
                "max-players": 1000,
                "spawn-protection": 0,
                "online-mode": false,
                "allow-flight": false,
                "max-world-size": 29999984,
                "resource-pack-hash": ""
            },
            "bukkit.yml": {
                "settings": {
                    "allow-end": false,
                    "warn-on-overload": false,
                    "permissions-file": "permissions.yml",
                    "update-folder": "update",
                    "plugin-profiling": true,
                    "connection-throttle": -1,
                    "query-plugins": false,
                    "deprecated-verbose": "default"
                },
                "spawn-limits": {
                    "monsters": 20,
                    "animals": 5,
                    "water-animals": 2,
                    "ambient": 1
                },
                "chunk-gc": {
                    "period-in-ticks": 300,
                    "load-threshold": 400
                },
                "ticks-per": {
                    "animal-spawns": 400,
                    "monster-spawns": 5,
                    "autosave": 6000
                },
                "aliases": "now-in-commands.yml",
                "worlds": {
                    "world": {
                        "generator": "VoidGen"
                    }
                }
            },
            "spigot.yml": {
                "config-version": 8,
                "settings": {
                    "debug": false,
                    "save-user-cache-on-stop-only": true,
                    "filter-creative-items": true,
                    "moved-too-quickly-threshold": 100.0,
                    "moved-wrongly-threshold": 0.0625,
                    "sample-count": 12,
                    "late-bind": true,
                    "int-cache-limit": 1024,
                    "player-shuffle": 0,
                    "user-cache-size": 1000,
                    "bungeecord": true,
                    "attribute": {
                        "maxHealth": {
                            "max": 100000.0
                        },
                        "movementSpeed": {
                            "max": 1000.0
                        },
                        "attackDamage": {
                            "max": 100000.0
                        }
                    },
                    "netty-threads": 3,
                    "timeout-time": 60,
                    "restart-on-crash": false,
                    "restart-script": "./start.sh"
                },
                "commands": {
                    "tab-complete": 2,
                    "silent-commandblock-console": false,
                    "log": true
                },
                "timings": {
                    "enabled": true,
                    "verbose": true,
                    "history-interval": 300,
                    "history-length": 3600
                },
                "stats": {
                    "disable-saving": true,
                    "forced-stats": {
                        "achievement": {
                            "openInventory": 1
                        }
                    }
                },
                "world-settings": {
                    "default": {
                        "verbose": false,
                        "enable-zombie-pigmen-portal-spawns": false,
                        "wither-spawn-sound-radius": 0,