{
    "metadata": {
        "startTime": 1719448081950,
        "interval": 4000,
        "platform": {
            "type": 0,
            "version": "36.2.39",
            "minecraftVersion": "1.16.5",
            "sparkVersion": 2
        },
        "platformStatistics": {
            "memory": {
                "heap": {
                    "used": 9614304440,
                    "total": 15728640000
                }
            },
            "gc": {
                "G1 Young Generation": {
                    "total": 224,
                    "avgTime": 52.674107142857146,
                    "avgFrequency": 74705
                },
                "G1 Old Generation": {
                    "total": 1,
                    "avgTime": 2034,
                    "avgFrequency": 16743818
                }
            },
            "uptime": 16745852,
            "tps": {
                "last1m": 16.082021310661688,
                "last5m": 18.344100463997997,
                "last15m": 19.408245488585226
            },
            "mspt": {
                "last1m": {
                    "mean": 40.8512059575,
                    "max": 501.707232,
                    "min": 27.988143,
                    "median": 37.814825,
                    "percentile95": 55.221367
                },
                "last5m": {
                    "mean": 38.155843816,
                    "max": 519.370961,
                    "min": 27.249404,
                    "median": 36.186015,
                    "percentile95": 49.329234
                }
            },
            "ping": {
                "last15m": {
                    "mean": 79.86666666666666,
                    "max": 96,
                    "min": 66,
                    "median": 82,
                    "percentile95": 96
                }
            },
            "playerCount": 0
        },
        "systemStatistics": {
            "cpu": {
                "threads": 24,
                "processUsage": {
                    "last1m": 0.15979774278714795,
                    "last15m": 0.10396175960007255
                },
                "systemUsage": {
                    "last1m": 0.2356744757407503,
                    "last15m": 0.16837811774633415
                },
                "modelName": "AMD Ryzen 9 5900X 12-Core Processor"
            },
            "memory": {
                "physical": {
                    "used": 64436187136,
                    "total": 67304534016
                },
                "swap": {
                    "used": 1073733632,
                    "total": 1073733632
                }
            },
            "gc": {
                "G1 Young Generation": {
                    "total": 2225,
                    "avgTime": 44.21033707865168,
                    "avgFrequency": 7500
                },
                "G1 Old Generation": {
                    "total": 1,
                    "avgTime": 2034,
                    "avgFrequency": 16785481
                }
            },
            "disk": {
                "used": 754347937792,
                "total": 941723856896
            },
            "os": {
                "arch": "amd64",
                "version": "5.15.0-100-generic"
            },
            "java": {
                "vendor": "Ubuntu",
                "version": "11.0.23",
                "vendorVersion": "unknown"
            },
            "uptime": 16787515,
            "net": {
                "lo": {
                    "rxBytesPerSecond": {
                        "mean": 19836.733333333334,
                        "max": 20772,
                        "min": 19102,
                        "median": 19756,
                        "percentile95": 20772
                    },
                    "txBytesPerSecond": {
                        "mean": 19836.733333333334,
                        "max": 20772,
                        "min": 19102,
                        "median": 19756,
                        "percentile95": 20772
                    },
                    "rxPacketsPerSecond": {
                        "mean": 58.06666666666667,
                        "max": 64,
                        "min": 52,
                        "median": 57,
                        "percentile95": 64
                    },
                    "txPacketsPerSecond": {
                        "mean": 58.06666666666667,
                        "max": 64,
                        "min": 52,
                        "median": 57,
                        "percentile95": 64
                    }
                },
                "enp33s0f1": {
                    "rxBytesPerSecond": {
                        "mean": 0,
                        "max": 0,
                        "min": 0,
                        "median": 0,
                        "percentile95": 0
                    },
                    "txBytesPerSecond": {
                        "mean": 0,
                        "max": 0,
                        "min": 0,
                        "median": 0,
                        "percentile95": 0
                    },
                    "rxPacketsPerSecond": {
                        "mean": 0,
                        "max": 0,
                        "min": 0,
                        "median": 0,
                        "percentile95": 0
                    },
                    "txPacketsPerSecond": {
                        "mean": 0,
                        "max": 0,
                        "min": 0,
                        "median": 0,
                        "percentile95": 0
                    }
                },
                "enp33s0f0": {
                    "rxBytesPerSecond": {
                        "mean": 1071521.6,
                        "max": 1097300,
                        "min": 1032951,
                        "median": 1077550,
                        "percentile95": 1097300
                    },
                    "txBytesPerSecond": {
                        "mean": 25518844.733333334,
                        "max": 29290883,
                        "min": 22543116,
                        "median": 25083309,
                        "percentile95": 29290883
                    },
                    "rxPacketsPerSecond": {
                        "mean": 15178,
                        "max": 15613,
                        "min": 14733,
                        "median": 15273,
                        "percentile95": 15613
                    },
                    "txPacketsPerSecond": {
                        "mean": 33691.13333333333,
                        "max": 36520,
                        "min": 31490,
                        "median": 33550,
                        "percentile95": 36520
                    }
                },
                "enxdec3474d1796": {
                    "rxBytesPerSecond": {
                        "mean": 0,
                        "max": 0,
                        "min": 0,
                        "median": 0,
                        "percentile95": 0
                    },
                    "txBytesPerSecond": {
                        "mean": 0,
                        "max": 0,
                        "min": 0,
                        "median": 0,
                        "percentile95": 0
                    },
                    "rxPacketsPerSecond": {
                        "mean": 0,
                        "max": 0,
                        "min": 0,
                        "median": 0,
                        "percentile95": 0
                    },
                    "txPacketsPerSecond": {
                        "mean": 0,
                        "max": 0,
                        "min": 0,
                        "median": 0,
                        "percentile95": 0
                    }
                }
            }
        },
        "threadDumper": {
            "type": 1,