{
    "metadata": {
        "startTime": 1626100000000,
        "interval": 481124,
        "platform": {
            "type": 0,
            "version": "1.21",
            "minecraftVersion": "1.21",
            "sparkVersion": 2,
            "brand": "QuantumPaper"
        },
        "platformStatistics": {
            "memory": {
                "heap": {
                    "used": 11990552,
                    "total": 2199023255552
                }
            },
            "gc": {
                "Quantum Entanglement GC": {
                    "total": 42,
                    "avgTime": 3.14159,
                    "avgFrequency": 0.007
                }
            },
            "uptime": 680147,
            "tps": {
                "last1m": 986399,
                "last5m": 98603,
                "last15m": 980639
            },
            "mspt": {
                "last1m": {
                    "mean": 0.1161019275,
                    "max": 1.133612,
                    "min": 0.026443,
                    "median": 0.112725,
                    "percentile95": 0.19127
                },
                "last5m": {
                    "mean": 0.13225989066666666,
                    "max": 1.286909,
                    "min": 0.026256,
                    "median": 0.115476,
                    "percentile95": 0.210781
                }
            },
            "playerCount": 0
        },
        "systemStatistics": {
            "cpu": {
                "threads": 2147483647,
                "processUsage": {
                    "last1m": 0.01,
                    "last15m": 0.02
                },
                "systemUsage": {
                    "last1m": 0.01,
                    "last15m": 0.02
                },
                "modelName": "IBM Debuts Quantum"
            },
            "memory": {
                "physical": {
                    "used": 11990552,
                    "total": 2199023255552
                },
                "swap": {
                    "used": 0,
                    "total": 0
                }
            },
            "gc": {
                "Quantum Entanglement GC": {
                    "total": 42,
                    "avgTime": 3.14159,
                    "avgFrequency": 0.007
                }
            },
            "disk": {
                "used": 500000000,
                "total": 1000000000000
            },
            "os": {
                "arch": "Quantum"
            },
            "java": {
                "vendor": "IBM",
                "version": "24",
                "vendorVersion": "",
                "vmArgs": "-javaagent:quantum-instrumentation.jar"
            },
            "uptime": 10000
        },
        "comment": "",
        "endTime": 0,
        "numberOfTicks": 0,
        "samplerMode": 0
    }
}