{
    "metadata": {
        "startTime": 1729868871988,
        "interval": 4000,
        "platform": {
            "type": 0,
            "version": "1.16.5-69069a9c (MC: 1.16.5)",
            "minecraftVersion": "v1_16_R3",
            "sparkVersion": 2,
            "brand": ""
        },
        "platformStatistics": {
            "memory": {
                "heap": {
                    "used": 1274065072,
                    "committed": 2147483648,
                    "init": 0,
                    "max": 0
                }
            },
            "gc": {
                "G1 Young Generation": {
                    "total": 54,
                    "avgTime": 18.88888888888889,
                    "avgFrequency": 15803
                },
                "G1 Old Generation": {
                    "total": 0,
                    "avgTime": 0,
                    "avgFrequency": 0
                }
            },
            "uptime": 854433,
            "tps": {
                "last1m": 20.000138609627292,
                "last5m": 20.001261279536287,
                "last15m": 20.000901576195705
            },
            "playerCount": 0,
            "onlineMode": 0
        },
        "systemStatistics": {
            "cpu": {
                "threads": 24,
                "processUsage": {
                    "last1m": 0.017302892589842755,
                    "last15m": 0.036375466040198076
                },
                "systemUsage": {
                    "last1m": 0.28476241139168906,
                    "last15m": 0.2794576743221898
                },
                "modelName": "AMD Ryzen 9 3900 12-Core Processor"
            },
            "memory": {
                "physical": {
                    "used": 122872012800,
                    "total": 134987489280
                },
                "swap": {
                    "used": 7040274432,
                    "total": 34324082688
                }
            },
            "gc": {
                "G1 Young Generation": {
                    "total": 892,
                    "avgTime": 12.733183856502242,
                    "avgFrequency": 994
                },
                "G1 Old Generation": {
                    "total": 1,
                    "avgTime": 8,
                    "avgFrequency": 898031
                }
            },
            "disk": {
                "used": 748505690112,
                "total": 3743108481024
            },
            "os": {
                "arch": "amd64",
                "version": "6.1.0-12-amd64"
            },
            "java": {
                "vendor": "Temurin",
                "version": "1.8.0_312",
                "vendorVersion": "unknown"
            },
            "uptime": 898039
        },
        "serverConfigurations": {
            "server.properties": {
                "enable-jmx-monitoring": false,
                "rcon.port": 25575,
                "enable-command-block": true,
                "gamemode": "survival",
                "enable-query": false,
                "generator-settings": "",
                "level-name": "world",
                "query.port": 25600,
                "pvp": true,
                "generate-structures": true,
                "difficulty": "easy",
                "network-compression-threshold": 256,
                "max-tick-time": 60000,
                "use-native-transport": true,
                "max-players": 2024,
                "online-mode": false,
                "enable-status": true,
                "allow-flight": true,
                "broadcast-rcon-to-ops": true,
                "view-distance": 10,
                "max-build-height": 256,
                "server-port": 25600,
                "allow-nether": true,
                "enable-rcon": false,
                "sync-chunk-writes": true,
                "op-permission-level": 4,
                "prevent-proxy-connections": false,
                "entity-broadcast-range-percentage": 100,
                "player-idle-timeout": 0,
                "rate-limit": 0,
                "force-gamemode": false,
                "hardcore": false,
                "white-list": false,
                "broadcast-console-to-ops": true,
                "spawn-npcs": true,
                "spawn-animals": true,
                "snooper-enabled": false,
                "function-permission-level": 2,
                "level-type": "default",
                "text-filtering-config": "",
                "spawn-monsters": true,
                "enforce-whitelist": false,
                "resource-pack-sha1": "",
                "spawn-protection": 16,
                "max-world-size": 29999984
            },
            "spigot.yml": {
                "config-version": 12,
                "stats": {
                    "disable-saving": false
                },
                "settings": {
                    "save-user-cache-on-stop-only": false,
                    "player-shuffle": 0,
                    "user-cache-size": 1000,
                    "timeout-time": 60,
                    "restart-on-crash": true,
                    "restart-script": "./start.sh",
                    "netty-threads": 4,
                    "moved-too-quickly-multiplier": 10.0,
                    "item-dirty-ticks": 20,
                    "bungeecord": false,
                    "late-bind": false,
                    "sample-count": 12,
                    "filter-creative-items": true,
                    "int-cache-limit": 1024,
                    "moved-wrongly-threshold": 0.0625,
                    "attribute": {
                        "maxHealth": {
                            "max": 2048.0
                        },
                        "movementSpeed": {
                            "max": 2048.0
                        },
                        "attackDamage": {
                            "max": 2048.0
                        }
                    },
                    "debug": false,
                    "log-villager-deaths": true
                },
                "commands": {
                    "tab-complete": 0,
                    "silent-commandblock-console": false,
                    "log": true,
                    "spam-exclusions": [
                        "/skill"
                    ],
                    "replace-commands": [
                        "setblock",
                        "summon",
                        "testforblock",
                        "tellraw"
                    ],
                    "send-namespaced": true
                },
                "advancements": {
                    "disable-saving": false,
                    "disabled": [
                        "minecraft:story/disabled"
                    ]
                },
                "world-settings": {
                    "default": {
                        "view-distance": "default",
                        "verbose": false,
                        "mob-spawn-range": 6,
                        "growth": {
                            "cactus-modifier": 100,
                            "cane-modifier": 100,
                            "melon-modifier": 100,
                            "mushroom-modifier": 100,
                            "pumpkin-modifier": 100,
                            "sapling-modifier": 100,
                            "wheat-modifier": 100,
                            "netherwart-modifier": 100,
                            "vine-modifier": 100,
                            "cocoa-modifier": 100,
                            "beetroot-modifier": 100,
                            "carrot-modifier": 100,
                            "potato-modifier": 100,
                            "bamboo-modifier": 100,
                            "sweetberry-modifier": 100,
                            "kelp-modifier": 100
                        },