{
    "metadata": {
        "startTime": 1728134067666,
        "interval": 4000,
        "platform": {
            "type": 0,
            "version": "36.2.39",
            "minecraftVersion": "1.16.5",
            "sparkVersion": 2,
            "brand": ""
        },
        "platformStatistics": {
            "memory": {
                "heap": {
                    "used": 6138665584,
                    "committed": 12884901888,
                    "init": 0,
                    "max": 0
                }
            },
            "gc": {
                "G1 Young Generation": {
                    "total": 8,
                    "avgTime": 6.375,
                    "avgFrequency": 352023
                },
                "G1 Old Generation": {
                    "total": 0,
                    "avgTime": 0,
                    "avgFrequency": 0
                }
            },
            "uptime": 2816236,
            "tps": {
                "last1m": 17.846203526891124,
                "last5m": 18.216807984980733,
                "last15m": 19.368041450342773
            },
            "mspt": {
                "last1m": {
                    "mean": 24.822977114166665,
                    "max": 453.754961,
                    "min": 18.896125,
                    "median": 24.190891,
                    "percentile95": 27.460377
                },
                "last5m": {
                    "mean": 23.630304329333335,
                    "max": 453.754961,
                    "min": 17.68641,
                    "median": 23.432344,
                    "percentile95": 27.162708
                }
            },
            "ping": {
                "last15m": {
                    "mean": 96.6,
                    "max": 328,
                    "min": 60,
                    "median": 81,
                    "percentile95": 258
                }
            },
            "playerCount": 0,
            "onlineMode": 0
        },
        "systemStatistics": {
            "cpu": {
                "threads": 16,
                "processUsage": {
                    "last1m": 0.08577118224941963,
                    "last15m": 0.05832502970922052
                },
                "systemUsage": {
                    "last1m": 0.08314789555029423,
                    "last15m": 0.05390650907711804
                },
                "modelName": "AMD Ryzen 7 PRO 8700GE w/ Radeon 780M Graphics"
            },
            "memory": {
                "physical": {
                    "used": 19832979456,
                    "total": 66490654720
                },
                "swap": {
                    "used": 1310720,
                    "total": 33268166656
                }
            },
            "gc": {
                "G1 Young Generation": {
                    "total": 361,
                    "avgTime": 5.074792243767313,
                    "avgFrequency": 7876
                },
                "G1 Old Generation": {
                    "total": 0,
                    "avgTime": 0,
                    "avgFrequency": 0
                }
            },
            "disk": {
                "used": 115344969728,
                "total": 468702478336
            },
            "os": {
                "arch": "amd64",
                "version": "6.8.0-41-generic"
            },
            "java": {
                "vendor": "Eclipse Adoptium",
                "version": "11.0.24",
                "vendorVersion": "Temurin-11.0.24+8"
            },
            "uptime": 2845419,
            "net": {
                "lo": {
                    "rxBytesPerSecond": {
                        "mean": 562858,
                        "max": 622797,
                        "min": 488305,
                        "median": 550999,
                        "percentile95": 622797
                    },
                    "txBytesPerSecond": {
                        "mean": 562858,
                        "max": 622797,
                        "min": 488305,
                        "median": 550999,
                        "percentile95": 622797
                    },
                    "rxPacketsPerSecond": {
                        "mean": 3430.3333333333335,
                        "max": 4327,
                        "min": 2890,
                        "median": 3325,
                        "percentile95": 4327
                    },
                    "txPacketsPerSecond": {
                        "mean": 3430.3333333333335,
                        "max": 4327,
                        "min": 2890,
                        "median": 3325,
                        "percentile95": 4327
                    }
                },
                "enp6s0": {
                    "rxBytesPerSecond": {
                        "mean": 241075.4,
                        "max": 262564,
                        "min": 220209,
                        "median": 240839,
                        "percentile95": 262564
                    },
                    "txBytesPerSecond": {
                        "mean": 295222.86666666664,
                        "max": 334321,
                        "min": 240994,
                        "median": 287413,
                        "percentile95": 334321
                    },
                    "rxPacketsPerSecond": {
                        "mean": 1112.3333333333333,
                        "max": 1297,
                        "min": 1008,
                        "median": 1083,
                        "percentile95": 1297
                    },
                    "txPacketsPerSecond": {
                        "mean": 1501.0666666666666,
                        "max": 1829,
                        "min": 1344,
                        "median": 1424,
                        "percentile95": 1829
                    }
                }
            }
        },
        "threadDumper": {
            "type": 1,
            "ids": [
                79
            ]
        },
        "dataAggregator": {
            "type": 0,
            "threadGrouper": 1,
            "tickLengthThreshold": 0,
            "numberOfIncludedTicks": 0
        },
        "comment": "",
        "endTime": 0,
        "numberOfTicks": 0,
        "samplerMode": 0,
        "samplerEngine": 0
    }
}