{
    "metadata": {
        "startTime": 1720382635709,
        "interval": 4000,
        "platform": {
            "type": 0,
            "version": "36.2.39",
            "minecraftVersion": "1.16.5",
            "sparkVersion": 2
        },
        "platformStatistics": {
            "memory": {
                "heap": {
                    "used": 7485127080,
                    "total": 16106127360
                }
            },
            "gc": {
                "G1 Young Generation": {
                    "total": 13,
                    "avgTime": 39.30769230769231,
                    "avgFrequency": 1062900
                },
                "G1 Old Generation": {
                    "total": 0,
                    "avgTime": 0,
                    "avgFrequency": 0
                }
            },
            "uptime": 13818222,
            "tps": {
                "last1m": 5.811557526155985,
                "last5m": 7.636427281414278,
                "last15m": 10.136249503966862
            },
            "mspt": {
                "last1m": {
                    "mean": 169.9994457775,
                    "max": 9873.691935,
                    "min": 69.261159,
                    "median": 84.644018,
                    "percentile95": 109.210959
                },
                "last5m": {
                    "mean": 128.1221376095,
                    "max": 9873.691935,
                    "min": 56.723638,
                    "median": 82.466626,
                    "percentile95": 102.363811
                }
            },
            "ping": {
                "last15m": {
                    "mean": 22.455555555555556,
                    "max": 118,
                    "min": 13,
                    "median": 16,
                    "percentile95": 71
                }
            },
            "playerCount": 0
        },
        "systemStatistics": {
            "cpu": {
                "threads": 3,
                "processUsage": {
                    "last1m": 0.41876937279729604,
                    "last15m": 0.40618051626617613
                },
                "systemUsage": {
                    "last1m": 0.4204556388677373,
                    "last15m": 0.4079282850742089
                },
                "modelName": ""
            },
            "memory": {
                "physical": {
                    "used": 17996701696,
                    "total": 18817736704
                },
                "swap": {
                    "used": 0,
                    "total": 0
                }
            },
            "gc": {
                "G1 Young Generation": {
                    "total": 351,
                    "avgTime": 45.31054131054131,
                    "avgFrequency": 39609
                },
                "G1 Old Generation": {
                    "total": 0,
                    "avgTime": 0,
                    "avgFrequency": 0
                }
            },
            "disk": {
                "used": 10075992064,
                "total": 48715948032
            },
            "os": {
                "arch": "aarch64",
                "version": "6.5.0-1025-oracle"
            },
            "java": {
                "vendor": "Private Build",
                "version": "1.8.0_412",
                "vendorVersion": "unknown"
            },
            "uptime": 13918684,
            "net": {
                "lo": {
                    "rxBytesPerSecond": {
                        "mean": 17,
                        "max": 35,
                        "min": 15,
                        "median": 15,
                        "percentile95": 35
                    },
                    "txBytesPerSecond": {
                        "mean": 17,
                        "max": 35,
                        "min": 15,
                        "median": 15,
                        "percentile95": 35
                    },
                    "rxPacketsPerSecond": {
                        "mean": 0,
                        "max": 0,
                        "min": 0,
                        "median": 0,
                        "percentile95": 0
                    },
                    "txPacketsPerSecond": {
                        "mean": 0,
                        "max": 0,
                        "min": 0,
                        "median": 0,
                        "percentile95": 0
                    }
                },
                "enp0s6": {
                    "rxBytesPerSecond": {
                        "mean": 11743.6,
                        "max": 13766,
                        "min": 9599,
                        "median": 11743,
                        "percentile95": 13766
                    },
                    "txBytesPerSecond": {
                        "mean": 117585.46666666666,
                        "max": 198670,
                        "min": 53934,
                        "median": 118447,
                        "percentile95": 198670
                    },
                    "rxPacketsPerSecond": {
                        "mean": 123.26666666666667,
                        "max": 161,
                        "min": 78,
                        "median": 123,
                        "percentile95": 161
                    },
                    "txPacketsPerSecond": {
                        "mean": 899.8666666666667,
                        "max": 1530,
                        "min": 459,
                        "median": 914,
                        "percentile95": 1530
                    }
                }
            }
        },
        "threadDumper": {
            "type": 1,
            "ids": [
                75
            ]
        },
        "dataAggregator": {
            "type": 0,
            "threadGrouper": 1,
            "tickLengthThreshold": 0,
            "numberOfIncludedTicks": 0
        },
        "comment": "",
        "endTime": 0,
        "numberOfTicks": 0,
        "samplerMode": 0
    }
}