{
    "metadata": {
        "startTime": 1725808852693,
        "interval": 4000,
        "platform": {
            "type": 0,
            "version": "WindSpigot Release v2.1.2 (MC: 1.8.8)",
            "minecraftVersion": "v1_8_R3",
            "sparkVersion": 2,
            "brand": ""
        },
        "platformStatistics": {
            "memory": {
                "heap": {
                    "used": 858327648,
                    "committed": 987758592,
                    "init": 0,
                    "max": 0
                }
            },
            "gc": {
                "G1 Young Generation": {
                    "total": 278,
                    "avgTime": 6.305755395683454,
                    "avgFrequency": 4095
                },
                "G1 Old Generation": {
                    "total": 1,
                    "avgTime": 204,
                    "avgFrequency": 1140138
                }
            },
            "uptime": 1140342,
            "tps": {
                "last1m": 19.987008243106313,
                "last5m": 19.98985247822352,
                "last15m": 19.992689840587385
            },
            "mspt": {
                "last1m": {
                    "mean": 15.091521440833333,
                    "max": 1012.802,
                    "min": 5.035479,
                    "median": 13.431071,
                    "percentile95": 24.072786
                },
                "last5m": {
                    "mean": 14.0318748515,
                    "max": 1012.802,
                    "min": 5.035479,
                    "median": 12.97281,
                    "percentile95": 23.552024
                }
            },
            "ping": {
                "last15m": {
                    "mean": 68.1,
                    "max": 79,
                    "min": 61,
                    "median": 67,
                    "percentile95": 74
                }
            },
            "playerCount": 0,
            "onlineMode": 0
        },
        "systemStatistics": {
            "cpu": {
                "threads": 8,
                "processUsage": {
                    "last1m": 0.07203089409181143,
                    "last15m": 0.09510889984962927
                },
                "systemUsage": {
                    "last1m": 0.19716086434905813,
                    "last15m": 0.21877039781585456
                },
                "modelName": "Intel(R) Core(TM) i7-6700 CPU @ 3.40GHz"
            },
            "memory": {
                "physical": {
                    "used": 47570300928,
                    "total": 67191631872
                },
                "swap": {
                    "used": 327680000,
                    "total": 34324082688
                }
            },
            "gc": {
                "G1 Young Generation": {
                    "total": 352,
                    "avgTime": 7.417613636363637,
                    "avgFrequency": 3283
                },
                "G1 Old Generation": {
                    "total": 1,
                    "avgTime": 204,
                    "avgFrequency": 1158028
                }
            },
            "disk": {
                "used": 191848927232,
                "total": 466727804928
            },
            "os": {
                "arch": "amd64",
                "version": "6.1.0-13-amd64"
            },
            "java": {
                "vendor": "Eclipse Adoptium",
                "version": "11.0.13",
                "vendorVersion": "Temurin-11.0.13+8",
                "vmArgs": "-Xms128M -Xmx10240M -Dterminal.jline=false -Dterminal.ansi=true"
            },
            "uptime": 1158232
        },
        "serverConfigurations": {
            "server.properties": {
                "view-distance": 8,
                "max-build-height": 256,
                "allow-nether": false,
                "gamemode": 0,
                "enable-command-block": true,
                "server-port": 25592,
                "enable-rcon": false,
                "enable-query": false,
                "op-permission-level": 4,
                "generator-settings": "",
                "player-idle-timeout": 0,
                "level-name": "world",
                "query.port": 25592,
                "announce-player-achievements": false,
                "force-gamemode": false,
                "debug": false,
                "hardcore": false,
                "white-list": false,
                "broadcast-console-to-ops": true,
                "pvp": false,
                "spawn-npcs": false,
                "spawn-animals": false,
                "generate-structures": false,
                "snooper-enabled": true,
                "transport-to-use": "default",
                "difficulty": 1,
                "network-compression-threshold": "-1",
                "level-type": "FLAT",
                "spawn-monsters": false,
                "max-players": 120,
                "use-native-transport": false,
                "spawn-protection": 0,
                "online-mode": false,
                "allow-flight": false,
                "resource-pack-hash": "",
                "max-world-size": 29999984
            },
            "spigot.yml": {
                "config-version": 8,
                "timings": {
                    "enabled": true,
                    "verbose": true,
                    "hidden-config-entries": [
                        "database",
                        "settings.bungeecord-addresses"
                    ],
                    "history-interval": 300,
                    "history-length": 3600
                },
                "commands": {
                    "tab-complete": 0,
                    "log": true,
                    "silent-commandblock-console": false,
                    "replace-commands": [
                        "setblock",
                        "summon",
                        "testforblock",
                        "tellraw"
                    ]
                },
                "settings": {
                    "save-user-cache-on-stop-only": true,
                    "bungeecord": true,
                    "late-bind": true,
                    "sample-count": 12,
                    "player-shuffle": 0,
                    "filter-creative-items": true,
                    "user-cache-size": 1000,
                    "int-cache-limit": 1024,
                    "moved-wrongly-threshold": 0.0625,
                    "moved-too-quickly-threshold": 100.0,
                    "timeout-time": 60,
                    "restart-on-crash": false,
                    "restart-script": "./start.sh",
                    "netty-threads": 4,
                    "attribute": {
                        "maxHealth": {
                            "max": 2048.0
                        },
                        "movementSpeed": {
                            "max": 2048.0
                        },
                        "attackDamage": {
                            "max": 2048.0
                        }
                    },
                    "debug": false
                },
                "stats": {
                    "disable-saving": false
                },
                "world-settings": {
                    "default": {
                        "verbose": true,
                        "mob-spawn-range": 4,
                        "anti-xray": {
                            "enabled": false,
                            "engine-mode": 1,