{
    "metadata": {
        "startTime": 1723074523212,
        "interval": 4000,
        "platform": {
            "type": 0,
            "version": "36.2.35",
            "minecraftVersion": "1.16.5",
            "sparkVersion": 2,
            "brand": ""
        },
        "platformStatistics": {
            "memory": {
                "heap": {
                    "used": 5560495104,
                    "committed": 15032385536,
                    "init": 0,
                    "max": 0
                }
            },
            "gc": {
                "G1 Young Generation": {
                    "total": 0,
                    "avgTime": 0,
                    "avgFrequency": 0
                },
                "G1 Old Generation": {
                    "total": 0,
                    "avgTime": 0,
                    "avgFrequency": 0
                }
            },
            "uptime": 225124,
            "tps": {
                "last1m": 20.000226485898096,
                "last5m": 20.003076646081425,
                "last15m": 20.00102544352958
            },
            "mspt": {
                "last1m": {
                    "mean": 0.32083346916666666,
                    "max": 5.263586,
                    "min": 0.177945,
                    "median": 0.298374,
                    "percentile95": 0.474314
                },
                "last5m": {
                    "mean": 0.9489075041152264,
                    "max": 933.197925,
                    "min": 0.177945,
                    "median": 0.314707,
                    "percentile95": 4.1194
                }
            },
            "playerCount": 0,
            "onlineMode": 0
        },
        "systemStatistics": {
            "cpu": {
                "threads": 16,
                "processUsage": {
                    "last1m": 0.014068701101130532,
                    "last15m": 0.022257216056977943
                },
                "systemUsage": {
                    "last1m": 0.00875175851396415,
                    "last15m": 0.01653061167920429
                },
                "modelName": "Intel(R) Xeon(R) CPU E5-2690 v3 @ 2.60GHz"
            },
            "memory": {
                "physical": {
                    "used": 16805163008,
                    "total": 20971520000
                },
                "swap": {
                    "used": 0,
                    "total": 1073741824
                }
            },
            "gc": {
                "G1 Young Generation": {
                    "total": 22,
                    "avgTime": 45.22727272727273,
                    "avgFrequency": 12462
                },
                "G1 Old Generation": {
                    "total": 0,
                    "avgTime": 0,
                    "avgFrequency": 0
                }
            },
            "disk": {
                "used": 25874657280,
                "total": 42091216896
            },
            "os": {
                "arch": "amd64",
                "version": "6.8.8-4-pve"
            },
            "java": {
                "vendor": "GraalVM Community",
                "version": "11.0.19",
                "vendorVersion": "GraalVM CE 22.3.2"
            },
            "uptime": 275174,
            "net": {
                "lo": {
                    "rxBytesPerSecond": {
                        "mean": 1,
                        "max": 3,
                        "min": 0,
                        "median": 0,
                        "percentile95": 3
                    },
                    "txBytesPerSecond": {
                        "mean": 1,
                        "max": 3,
                        "min": 0,
                        "median": 0,
                        "percentile95": 3
                    },
                    "rxPacketsPerSecond": {
                        "mean": 0,
                        "max": 0,
                        "min": 0,
                        "median": 0,
                        "percentile95": 0
                    },
                    "txPacketsPerSecond": {
                        "mean": 0,
                        "max": 0,
                        "min": 0,
                        "median": 0,
                        "percentile95": 0
                    }
                },
                "eth0": {
                    "rxBytesPerSecond": {
                        "mean": 399.3333333333333,
                        "max": 515,
                        "min": 301,
                        "median": 382,
                        "percentile95": 515
                    },
                    "txBytesPerSecond": {
                        "mean": 38,
                        "max": 112,
                        "min": 1,
                        "median": 1,
                        "percentile95": 112
                    },
                    "rxPacketsPerSecond": {
                        "mean": 2.3333333333333335,
                        "max": 3,
                        "min": 2,
                        "median": 2,
                        "percentile95": 3
                    },
                    "txPacketsPerSecond": {
                        "mean": 0.3333333333333333,
                        "max": 1,
                        "min": 0,
                        "median": 0,
                        "percentile95": 1
                    }
                }
            }
        },
        "threadDumper": {
            "type": 1,
            "ids": [
                192
            ]
        },
        "dataAggregator": {
            "type": 0,
            "threadGrouper": 1,
            "tickLengthThreshold": 0,
            "numberOfIncludedTicks": 0
        },
        "comment": "",
        "endTime": 0,
        "numberOfTicks": 0,
        "samplerMode": 0
    }
}