{
    "metadata": {
        "startTime": 1712762789159,
        "interval": 4000,
        "platform": {
            "type": 2,
            "version": "3.3.0-SNAPSHOT (git-3bce4d85-b374)",
            "minecraftVersion": "",
            "sparkVersion": 2
        },
        "platformStatistics": {
            "memory": {
                "heap": {
                    "used": 2367826848,
                    "total": 4294967296
                }
            },
            "uptime": 1398577,
            "ping": {
                "last15m": {
                    "mean": 37.922222222222224,
                    "max": 203,
                    "min": 1,
                    "median": 34,
                    "percentile95": 54
                }
            },
            "playerCount": 201
        },
        "systemStatistics": {
            "cpu": {
                "threads": 16,
                "processUsage": {
                    "last1m": 0.16355021216994375,
                    "last15m": 0.12613968105888443
                },
                "systemUsage": {
                    "last1m": 0.9015256210225719,
                    "last15m": 0.7185837265640107
                },
                "modelName": "AMD Ryzen 7 3700X 8-Core Processor"
            },
            "memory": {
                "physical": {
                    "used": 16700399616,
                    "total": 17101836288
                },
                "swap": {
                    "used": 38387941376,
                    "total": 51461574656
                }
            },
            "gc": {
                "G1 Young Generation": {
                    "total": 69,
                    "avgTime": 57.2463768115942,
                    "avgFrequency": 20328
                },
                "G1 Concurrent GC": {
                    "total": 8,
                    "avgTime": 3,
                    "avgFrequency": 175826
                },
                "G1 Old Generation": {
                    "total": 0,
                    "avgTime": 0,
                    "avgFrequency": 0
                }
            },
            "disk": {
                "used": 646349729792,
                "total": 1000186310656
            },
            "os": {
                "arch": "amd64",
                "version": "10.0.22631"
            },
            "java": {
                "vendor": "Eclipse Adoptium",
                "version": "21.0.2",
                "vendorVersion": "Temurin-21.0.2+13",
                "vmArgs": "-Xms4096M -Xmx4096M -XX:+UseG1GC -XX:G1HeapRegionSize=4M -XX:+UnlockExperimentalVMOptions -XX:+ParallelRefProcEnabled -XX:+AlwaysPreTouch -XX:MaxInlineLevel=15"
            },
            "uptime": 1406632
        },
        "threadDumper": {
            "type": 0
        },
        "dataAggregator": {
            "type": 0,
            "threadGrouper": 1,
            "tickLengthThreshold": 0,
            "numberOfIncludedTicks": 0
        },
        "comment": "",
        "endTime": 1712762952822,
        "numberOfTicks": 0,
        "plugins": {
            "litebans": {
                "name": "litebans",
                "version": "2.14.1"
            },
            "luckperms": {
                "name": "luckperms",
                "version": "5.4.121"
            },
            "maintenance": {
                "name": "maintenance",
                "version": "4.2.0"
            },
            "minimotd-velocity": {
                "name": "minimotd-velocity",
                "version": "2.1.0"
            },
            "protocolize": {
                "name": "protocolize",
                "version": "v2"
            },
            "pl-hide-pro": {
                "name": "pl-hide-pro",
                "version": "2.9.0"
            },
            "plasmovoice": {
                "name": "plasmovoice",
                "version": "2.0.9"
            },
            "pv-addon-groups": {
                "name": "pv-addon-groups",
                "version": "1.0.3"
            },
            "skinsrestorer": {
                "name": "skinsrestorer",
                "version": "15.0.8-SNAPSHOT"
            },
            "spark": {
                "name": "spark",
                "version": "1.10.60"
            },
            "tab": {
                "name": "tab",
                "version": "4.1.2"
            },
            "velocitycontrol": {
                "name": "velocitycontrol",
                "version": "3.11.7-SNAPSHOT"
            }
        },
        "samplerMode": 0
    }
}