{
    "metadata": {
        "startTime": 1712759376536,
        "interval": 4000,
        "platform": {
            "type": 2,
            "version": "3.3.0-SNAPSHOT (git-3bce4d85-b374)",
            "minecraftVersion": "",
            "sparkVersion": 2
        },
        "platformStatistics": {
            "memory": {
                "heap": {
                    "used": 560201216,
                    "total": 612368384
                }
            },
            "uptime": 16310934,
            "ping": {
                "last15m": {
                    "mean": 31,
                    "max": 41,
                    "min": 24,
                    "median": 30,
                    "percentile95": 36
                }
            },
            "playerCount": 201
        },
        "systemStatistics": {
            "cpu": {
                "threads": 16,
                "processUsage": {
                    "last1m": 0.196809919561363,
                    "last15m": 0.16289461707045985
                },
                "systemUsage": {
                    "last1m": 0.9094141656122693,
                    "last15m": 0.932327495181336
                },
                "modelName": "AMD Ryzen 7 3700X 8-Core Processor"
            },
            "memory": {
                "physical": {
                    "used": 15032225792,
                    "total": 17101836288
                },
                "swap": {
                    "used": 40640311296,
                    "total": 51461574656
                }
            },
            "gc": {
                "G1 Young Generation": {
                    "total": 196,
                    "avgTime": 13.224489795918368,
                    "avgFrequency": 83245
                },
                "G1 Concurrent GC": {
                    "total": 128,
                    "avgTime": 25.703125,
                    "avgFrequency": 127464
                },
                "G1 Old Generation": {
                    "total": 0,
                    "avgTime": 0,
                    "avgFrequency": 0
                }
            },
            "disk": {
                "used": 646344658944,
                "total": 1000186310656
            },
            "os": {
                "arch": "amd64",
                "version": "10.0.22631"
            },
            "java": {
                "vendor": "Eclipse Adoptium",
                "version": "21.0.2",
                "vendorVersion": "Temurin-21.0.2+13",
                "vmArgs": "-Xmx3G"
            },
            "uptime": 16318732
        },
        "threadDumper": {
            "type": 0
        },
        "dataAggregator": {
            "type": 0,
            "threadGrouper": 1,
            "tickLengthThreshold": 0,
            "numberOfIncludedTicks": 0
        },
        "comment": "",
        "endTime": 1712759796651,
        "numberOfTicks": 0,
        "plugins": {
            "litebans": {
                "name": "litebans",
                "version": "2.14.1"
            },
            "luckperms": {
                "name": "luckperms",
                "version": "5.4.121"
            },
            "maintenance": {
                "name": "maintenance",
                "version": "4.2.0"
            },
            "minimotd-velocity": {
                "name": "minimotd-velocity",
                "version": "2.1.0"
            },
            "protocolize": {
                "name": "protocolize",
                "version": "v2"
            },
            "pl-hide-pro": {
                "name": "pl-hide-pro",
                "version": "2.9.0"
            },
            "plasmovoice": {
                "name": "plasmovoice",
                "version": "2.0.9"
            },
            "pv-addon-groups": {
                "name": "pv-addon-groups",
                "version": "1.0.3"
            },
            "skinsrestorer": {
                "name": "skinsrestorer",
                "version": "15.0.8-SNAPSHOT"
            },
            "spark": {
                "name": "spark",
                "version": "1.10.60"
            },
            "tab": {
                "name": "tab",
                "version": "4.1.2"
            },
            "velocitycontrol": {
                "name": "velocitycontrol",
                "version": "3.11.7-SNAPSHOT"
            }
        },
        "samplerMode": 0
    }
}