{
    "metadata": {
        "startTime": 1721620197285,
        "interval": 4000,
        "platform": {
            "type": 0,
            "version": "36.2.39",
            "minecraftVersion": "1.16.5",
            "sparkVersion": 2,
            "brand": ""
        },
        "platformStatistics": {
            "memory": {
                "heap": {
                    "used": 1141496112,
                    "total": 1811939328
                }
            },
            "uptime": 9172134,
            "tps": {
                "last1m": 19.999943766824774,
                "last5m": 20.000621145957183,
                "last15m": 20.000249805342317
            },
            "mspt": {
                "last1m": {
                    "mean": 1.8575145833333333,
                    "max": 2.7418,
                    "min": 1.051,
                    "median": 1.796,
                    "percentile95": 2.2792
                },
                "last5m": {
                    "mean": 1.6755298333333333,
                    "max": 55.8699,
                    "min": 0.7174,
                    "median": 1.6383,
                    "percentile95": 2.1832
                }
            },
            "playerCount": 0
        },
        "systemStatistics": {
            "cpu": {
                "threads": 12,
                "processUsage": {
                    "last1m": 0.0007382519482451905,
                    "last15m": 0.0011192543451675897
                },
                "systemUsage": {
                    "last1m": 0.004135372878220028,
                    "last15m": 0.004006190777766015
                },
                "modelName": ""
            },
            "memory": {
                "physical": {
                    "used": 12573585408,
                    "total": 67806916608
                },
                "swap": {
                    "used": 15333351424,
                    "total": 72101883904
                }
            },
            "gc": {
                "G1 Young Generation": {
                    "total": 250,
                    "avgTime": 4.972,
                    "avgFrequency": 36804
                },
                "G1 Old Generation": {
                    "total": 0,
                    "avgTime": 0,
                    "avgFrequency": 0
                }
            },
            "disk": {
                "used": 329712066560,
                "total": 1023037927424
            },
            "os": {
                "arch": "amd64",
                "version": "10.0"
            },
            "java": {
                "vendor": "Oracle Corporation",
                "version": "17.0.12",
                "vendorVersion": "unknown"
            },
            "uptime": 9202270
        },
        "threadDumper": {
            "type": 1,
            "ids": [
                100
            ]
        },
        "dataAggregator": {
            "type": 0,
            "threadGrouper": 1,
            "tickLengthThreshold": 0,
            "numberOfIncludedTicks": 0
        },
        "comment": "",
        "endTime": 0,
        "numberOfTicks": 0,
        "samplerMode": 0
    }
}