{
    "metadata": {
        "startTime": 1714551951097,
        "interval": 10000,
        "platform": {
            "type": 0,
            "version": "47.2.30",
            "minecraftVersion": "1.20.1",
            "sparkVersion": 2
        },
        "platformStatistics": {
            "memory": {
                "heap": {
                    "used": 1692877440,
                    "total": 6442450944
                }
            },
            "gc": {
                "G1 Young Generation": {
                    "total": 14,
                    "avgTime": 39.642857142857146,
                    "avgFrequency": 44160
                },
                "G1 Old Generation": {
                    "total": 0,
                    "avgTime": 0,
                    "avgFrequency": 0
                }
            },
            "uptime": 618800,
            "tps": {
                "last1m": 20.00001247467445,
                "last5m": 20.000000106,
                "last15m": 20.000771006232497
            },
            "mspt": {
                "last1m": {
                    "mean": 7.447893041666667,
                    "max": 2579.413339,
                    "min": 1.533001,
                    "median": 4.272045,
                    "percentile95": 5.942687
                },
                "last5m": {
                    "mean": 5.276021729833333,
                    "max": 2579.413339,
                    "min": 1.533001,
                    "median": 4.449725,
                    "percentile95": 5.660967
                }
            },
            "ping": {
                "last15m": {
                    "mean": 6.654545454545454,
                    "max": 16,
                    "min": 1,
                    "median": 6,
                    "percentile95": 12
                }
            },
            "playerCount": 6,
            "world": {
                "totalEntities": 10,
                "entityCounts": {
                    "minecraft:armor_stand": 3,
                    "minecraft:player": 7
                },
                "worlds": [
                    {
                        "totalEntities": 10,
                        "regions": [
                            {
                                "totalEntities": 6,
                                "chunks": [
                                    {
                                        "x": 6,
                                        "z": -51,
                                        "totalEntities": 1,
                                        "entityCounts": {
                                            "minecraft:player": 1
                                        }
                                    },
                                    {
                                        "x": 7,
                                        "z": -51,
                                        "totalEntities": 3,
                                        "entityCounts": {
                                            "minecraft:player": 3
                                        }
                                    },
                                    {
                                        "x": 7,
                                        "z": -50,
                                        "totalEntities": 1,
                                        "entityCounts": {
                                            "minecraft:player": 1
                                        }
                                    },
                                    {
                                        "x": 8,
                                        "z": -50,
                                        "totalEntities": 1,
                                        "entityCounts": {
                                            "minecraft:armor_stand": 1
                                        }
                                    }
                                ]
                            },
                            {
                                "totalEntities": 1,
                                "chunks": [
                                    {
                                        "x": 52,
                                        "z": -18,
                                        "totalEntities": 1,
                                        "entityCounts": {
                                            "minecraft:player": 1
                                        }
                                    }
                                ]
                            },
                            {
                                "totalEntities": 1,
                                "chunks": [
                                    {
                                        "x": 6,
                                        "z": -55,
                                        "totalEntities": 1,
                                        "entityCounts": {
                                            "minecraft:player": 1
                                        }
                                    }
                                ]
                            },
                            {
                                "totalEntities": 2,
                                "chunks": [
                                    {
                                        "x": 9,
                                        "z": -52,
                                        "totalEntities": 2,
                                        "entityCounts": {
                                            "minecraft:armor_stand": 2
                                        }
                                    }
                                ]
                            }
                        ]
                    }
                ]
            }
        },
        "systemStatistics": {
            "cpu": {
                "threads": 4,
                "processUsage": {
                    "last1m": 0.14940457517969447,
                    "last15m": 0.2228555113477343
                },
                "systemUsage": {
                    "last1m": 0.14869319610128434,
                    "last15m": 0.22205698248685826
                },
                "modelName": ""
            },
            "memory": {
                "physical": {
                    "used": 7809933312,
                    "total": 8306663424
                },
                "swap": {
                    "used": 0,
                    "total": 7516192768
                }
            },
            "gc": {
                "G1 Young Generation": {
                    "total": 21,
                    "avgTime": 40.523809523809526,
                    "avgFrequency": 31329
                },
                "G1 Old Generation": {
                    "total": 0,
                    "avgTime": 0,
                    "avgFrequency": 0
                }
            },
            "disk": {
                "used": 9734914048,
                "total": 48277495808
            },
            "os": {
                "arch": "aarch64",
                "version": "6.5.0-1021-oracle"
            },
            "java": {
                "vendor": "Oracle Corporation",
                "version": "17.0.11",
                "vendorVersion": "Oracle GraalVM 17.0.11+7.1",