{
    "metadata": {
        "startTime": 1713718514203,
        "interval": 4000,
        "platform": {
            "type": 0,
            "version": "git-Purpur-2155 (MC: 1.20.4)",
            "minecraftVersion": "1.20.4",
            "sparkVersion": 2
        },
        "platformStatistics": {
            "memory": {
                "heap": {
                    "used": 2176214952,
                    "total": 10737418240
                }
            },
            "gc": {
                "G1 Young Generation": {
                    "total": 0,
                    "avgTime": 0,
                    "avgFrequency": 0
                },
                "G1 Concurrent GC": {
                    "total": 0,
                    "avgTime": 0,
                    "avgFrequency": 0
                },
                "G1 Old Generation": {
                    "total": 0,
                    "avgTime": 0,
                    "avgFrequency": 0
                }
            },
            "uptime": 4710434,
            "tps": {
                "last1m": 20.000105424555713,
                "last5m": 19.999992491602818,
                "last15m": 19.99999784891134
            },
            "mspt": {
                "last1m": {
                    "mean": 1.0691918816666666,
                    "max": 2.885732,
                    "min": 0.501843,
                    "median": 1.008876,
                    "percentile95": 1.489379
                },
                "last5m": {
                    "mean": 1.0092330443333333,
                    "max": 4.501729,
                    "min": 0.369915,
                    "median": 0.977476,
                    "percentile95": 1.273764
                }
            },
            "playerCount": 0
        },
        "systemStatistics": {
            "cpu": {
                "threads": 2,
                "processUsage": {
                    "last1m": 0.04041666666666667,
                    "last15m": 0.028844444444444443
                },
                "systemUsage": {
                    "last1m": 0.0403911,
                    "last15m": 0.02884321388888889
                },
                "modelName": "AMD Ryzen 9 5950X 16-Core Processor"
            },
            "memory": {
                "physical": {
                    "used": 9965428736,
                    "total": 10752000000
                },
                "swap": {
                    "used": 20061556736,
                    "total": 107306020864
                }
            },
            "gc": {
                "G1 Young Generation": {
                    "total": 19,
                    "avgTime": 58,
                    "avgFrequency": 249383
                },
                "G1 Concurrent GC": {
                    "total": 14,
                    "avgTime": 21.142857142857142,
                    "avgFrequency": 338505
                },
                "G1 Old Generation": {
                    "total": 0,
                    "avgTime": 0,
                    "avgFrequency": 0
                }
            },
            "disk": {
                "used": 632677847040,
                "total": 3673042788352
            },
            "os": {
                "arch": "amd64",
                "version": "5.10.0-10-amd64"
            },
            "java": {
                "vendor": "Eclipse Adoptium",
                "version": "21.0.2",
                "vendorVersion": "Temurin-21.0.2+13"
            },
            "uptime": 4739379
        },
        "threadDumper": {
            "type": 1,
            "ids": [
                33
            ]
        },
        "dataAggregator": {
            "type": 0,
            "threadGrouper": 1,
            "tickLengthThreshold": 0,
            "numberOfIncludedTicks": 0
        },
        "comment": "",
        "endTime": 0,
        "numberOfTicks": 0,
        "samplerMode": 0
    }
}