{
    "metadata": {
        "startTime": 1723493059019,
        "interval": 4000,
        "platform": {
            "type": 0,
            "version": "36.2.42",
            "minecraftVersion": "1.16.5",
            "sparkVersion": 2,
            "brand": ""
        },
        "platformStatistics": {
            "memory": {
                "heap": {
                    "used": 5121161216,
                    "committed": 15678308352,
                    "init": 0,
                    "max": 0
                }
            },
            "uptime": 1630618,
            "tps": {
                "last1m": 19.897612193681233,
                "last5m": 13.247870581276736,
                "last15m": 15.756866380692522
            },
            "mspt": {
                "last1m": {
                    "mean": 48.066889,
                    "max": 99.5139,
                    "min": 40.8683,
                    "median": 46.9445,
                    "percentile95": 56.4432
                },
                "last5m": {
                    "mean": 62.62527643333333,
                    "max": 151687.7807,
                    "min": 0.3204,
                    "median": 43.6827,
                    "percentile95": 59.8515
                }
            },
            "ping": {
                "last15m": {
                    "mean": 127.14444444444445,
                    "max": 370,
                    "min": 51,
                    "median": 97,
                    "percentile95": 254
                }
            },
            "playerCount": 0,
            "onlineMode": 0
        },
        "systemStatistics": {
            "cpu": {
                "threads": 32,
                "processUsage": {
                    "last1m": 0.04009574141111893,
                    "last15m": 0.032449472926635865
                },
                "systemUsage": {
                    "last1m": 0.22205424508239557,
                    "last15m": 0.2143624038147335
                },
                "modelName": ""
            },
            "memory": {
                "physical": {
                    "used": 41603072000,
                    "total": 67805597696
                },
                "swap": {
                    "used": 65900797952,
                    "total": 77469274112
                }
            },
            "gc": {
                "G1 Young Generation": {
                    "total": 105,
                    "avgTime": 33.50476190476191,
                    "avgFrequency": 15853
                },
                "G1 Old Generation": {
                    "total": 0,
                    "avgTime": 0,
                    "avgFrequency": 0
                }
            },
            "disk": {
                "used": 1269353148416,
                "total": 1999805366272
            },
            "os": {
                "arch": "amd64",
                "version": "10.0"
            },
            "java": {
                "vendor": "Oracle Corporation",
                "version": "11.0.22",
                "vendorVersion": "18.9",
                "vmArgs": "-Xmx40960M -Xms8192M"
            },
            "uptime": 1668132
        },
        "threadDumper": {
            "type": 1,
            "ids": [
                168
            ]
        },
        "dataAggregator": {
            "type": 0,
            "threadGrouper": 1,
            "tickLengthThreshold": 0,
            "numberOfIncludedTicks": 0
        },
        "comment": "",
        "endTime": 0,
        "numberOfTicks": 0,
        "samplerMode": 0
    }
}