{
    "metadata": {
        "startTime": 1725382231223,
        "interval": 4000,
        "platform": {
            "type": 0,
            "version": "36.2.39",
            "minecraftVersion": "1.16.5",
            "sparkVersion": 2,
            "brand": ""
        },
        "platformStatistics": {
            "memory": {
                "heap": {
                    "used": 8000661552,
                    "committed": 12884901888,
                    "init": 0,
                    "max": 0
                }
            },
            "gc": {
                "G1 Young Generation": {
                    "total": 127,
                    "avgTime": 39.29133858267716,
                    "avgFrequency": 42945
                },
                "G1 Old Generation": {
                    "total": 0,
                    "avgTime": 0,
                    "avgFrequency": 0
                }
            },
            "uptime": 5459058,
            "tps": {
                "last1m": 20.0086004060929,
                "last5m": 19.74520983563839,
                "last15m": 16.773488442934376
            },
            "mspt": {
                "last1m": {
                    "mean": 39.01911081666667,
                    "max": 529.676381,
                    "min": 29.4207,
                    "median": 36.819658,
                    "percentile95": 50.136236
                },
                "last5m": {
                    "mean": 39.998516861166664,
                    "max": 529.676381,
                    "min": 29.4207,
                    "median": 38.122561,
                    "percentile95": 51.874944
                }
            },
            "ping": {
                "last15m": {
                    "mean": 182.4,
                    "max": 206,
                    "min": 168,
                    "median": 183,
                    "percentile95": 201
                }
            },
            "playerCount": 0,
            "onlineMode": 0
        },
        "systemStatistics": {
            "cpu": {
                "threads": 6,
                "processUsage": {
                    "last1m": 0.4190277777777778,
                    "last15m": 0.39908428731762063
                },
                "systemUsage": {
                    "last1m": 0.4446609156914021,
                    "last15m": 0.4084534180981553
                },
                "modelName": "Intel(R) Core(TM) i7-7700K CPU @ 4.20GHz"
            },
            "memory": {
                "physical": {
                    "used": 24797233152,
                    "total": 67292098560
                },
                "swap": {
                    "used": 0,
                    "total": 0
                }
            },
            "gc": {
                "G1 Young Generation": {
                    "total": 599,
                    "avgTime": 38.63939899833055,
                    "avgFrequency": 9499
                },
                "G1 Old Generation": {
                    "total": 0,
                    "avgTime": 0,
                    "avgFrequency": 0
                }
            },
            "disk": {
                "used": 307840000000,
                "total": 441635880960
            },
            "os": {
                "arch": "amd64",
                "version": "5.4.0-190-generic"
            },
            "java": {
                "vendor": "Eclipse Adoptium",
                "version": "11.0.13",
                "vendorVersion": "Temurin-11.0.13+8"
            },
            "uptime": 5713487,
            "net": {
                "lo": {
                    "rxBytesPerSecond": {
                        "mean": 19.2,
                        "max": 41,
                        "min": 5,
                        "median": 17,
                        "percentile95": 41
                    },
                    "txBytesPerSecond": {
                        "mean": 19.2,
                        "max": 41,
                        "min": 5,
                        "median": 17,
                        "percentile95": 41
                    },
                    "rxPacketsPerSecond": {
                        "mean": 0,
                        "max": 0,
                        "min": 0,
                        "median": 0,
                        "percentile95": 0
                    },
                    "txPacketsPerSecond": {
                        "mean": 0,
                        "max": 0,
                        "min": 0,
                        "median": 0,
                        "percentile95": 0
                    }
                },
                "eth0": {
                    "rxBytesPerSecond": {
                        "mean": 943289.8,
                        "max": 1550468,
                        "min": 412601,
                        "median": 972292,
                        "percentile95": 1550468
                    },
                    "txBytesPerSecond": {
                        "mean": 1531014.3333333333,
                        "max": 2775162,
                        "min": 600912,
                        "median": 1683329,
                        "percentile95": 2775162
                    },
                    "rxPacketsPerSecond": {
                        "mean": 8984,
                        "max": 17175,
                        "min": 2744,
                        "median": 9533,
                        "percentile95": 17175
                    },
                    "txPacketsPerSecond": {
                        "mean": 13741,
                        "max": 27084,
                        "min": 3371,
                        "median": 15869,
                        "percentile95": 27084
                    }
                }
            }
        },
        "threadDumper": {
            "type": 1,
            "ids": [
                78
            ]
        },
        "dataAggregator": {
            "type": 0,
            "threadGrouper": 1,
            "tickLengthThreshold": 0,
            "numberOfIncludedTicks": 0
        },
        "comment": "",
        "endTime": 0,
        "numberOfTicks": 0,
        "samplerMode": 0
    }
}