{
    "metadata": {
        "startTime": 1719986526131,
        "interval": 4000,
        "platform": {
            "type": 0,
            "version": "36.2.39",
            "minecraftVersion": "1.16.5",
            "sparkVersion": 2
        },
        "platformStatistics": {
            "memory": {
                "heap": {
                    "used": 13340995136,
                    "total": 28974252032
                }
            },
            "uptime": 95015101,
            "tps": {
                "last1m": 13.835555592394003,
                "last5m": 13.597791652278447,
                "last15m": 14.728426667099557
            },
            "mspt": {
                "last1m": {
                    "mean": 55.633910416666666,
                    "max": 933.6699,
                    "min": 29.4823,
                    "median": 52.7965,
                    "percentile95": 72.6569
                },
                "last5m": {
                    "mean": 57.287381133333334,
                    "max": 4918.5636,
                    "min": 28.8254,
                    "median": 53.6611,
                    "percentile95": 77.555
                }
            },
            "ping": {
                "last15m": {
                    "mean": 65.33333333333333,
                    "max": 87,
                    "min": 56,
                    "median": 64,
                    "percentile95": 81
                }
            },
            "playerCount": 0
        },
        "systemStatistics": {
            "cpu": {
                "threads": 20,
                "processUsage": {
                    "last1m": 0.09234919000492249,
                    "last15m": 0.08962190966468787
                },
                "systemUsage": {
                    "last1m": 0.4067786025440337,
                    "last15m": 0.4157653558716329
                },
                "modelName": ""
            },
            "memory": {
                "physical": {
                    "used": 92364967936,
                    "total": 102919815168
                },
                "swap": {
                    "used": 96730775552,
                    "total": 123273924608
                }
            },
            "gc": {
                "G1 Young Generation": {
                    "total": 4513,
                    "avgTime": 79.60846443607356,
                    "avgFrequency": 20986
                },
                "G1 Old Generation": {
                    "total": 0,
                    "avgTime": 0,
                    "avgFrequency": 0
                }
            },
            "disk": {
                "used": 803939700736,
                "total": 892827856896
            },
            "os": {
                "arch": "amd64",
                "version": "10.0"
            },
            "java": {
                "vendor": "Oracle Corporation",
                "version": "17.0.9",
                "vendorVersion": "unknown"
            },
            "uptime": 95070425
        },
        "threadDumper": {
            "type": 1,
            "ids": [
                81
            ]
        },
        "dataAggregator": {
            "type": 1,
            "threadGrouper": 1,
            "tickLengthThreshold": 500000,
            "numberOfIncludedTicks": 0
        },
        "comment": "",
        "endTime": 0,
        "numberOfTicks": 0,
        "samplerMode": 0
    }
}