{
    "metadata": {
        "startTime": 1729972911223,
        "interval": 4000,
        "platform": {
            "type": 2,
            "version": "2.2.1",
            "minecraftVersion": "",
            "sparkVersion": 2,
            "brand": ""
        },
        "platformStatistics": {
            "memory": {
                "heap": {
                    "used": 2655085928,
                    "committed": 4294967296,
                    "init": 0,
                    "max": 0
                }
            },
            "gc": {
                "G1 Young Generation": {
                    "total": 0,
                    "avgTime": 0,
                    "avgFrequency": 0
                },
                "G1 Old Generation": {
                    "total": 0,
                    "avgTime": 0,
                    "avgFrequency": 0
                }
            },
            "uptime": 67539080,
            "ping": {
                "last15m": {
                    "mean": 22.566666666666666,
                    "max": 28,
                    "min": 20,
                    "median": 22,
                    "percentile95": 26
                }
            },
            "playerCount": 51,
            "onlineMode": 0
        },
        "systemStatistics": {
            "cpu": {
                "threads": 4,
                "processUsage": {
                    "last1m": 0.06946271977502622,
                    "last15m": 0.06825968794211054
                },
                "systemUsage": {
                    "last1m": 0.08743744736580496,
                    "last15m": 0.08873242914907058
                },
                "modelName": "AMD Ryzen 9 5900X 12-Core Processor"
            },
            "memory": {
                "physical": {
                    "used": 6097072128,
                    "total": 6212530176
                },
                "swap": {
                    "used": 635473920,
                    "total": 1022357504
                }
            },
            "gc": {
                "G1 Young Generation": {
                    "total": 352,
                    "avgTime": 16.678977272727273,
                    "avgFrequency": 191874
                },
                "G1 Old Generation": {
                    "total": 0,
                    "avgTime": 0,
                    "avgFrequency": 0
                }
            },
            "disk": {
                "used": 4336775168,
                "total": 7345192960
            },
            "os": {
                "arch": "amd64",
                "version": "6.1.0-23-amd64"
            },
            "java": {
                "vendor": "Debian",
                "version": "17.0.12",
                "vendorVersion": "unknown"
            },
            "uptime": 67545757,
            "net": {
                "ens19": {
                    "rxBytesPerSecond": {
                        "mean": 29732.733333333334,
                        "max": 43500,
                        "min": 24200,
                        "median": 28792,
                        "percentile95": 43500
                    },
                    "txBytesPerSecond": {
                        "mean": 18309.466666666667,
                        "max": 31277,
                        "min": 13854,
                        "median": 16458,
                        "percentile95": 31277
                    },
                    "rxPacketsPerSecond": {
                        "mean": 28,
                        "max": 49,
                        "min": 19,
                        "median": 27,
                        "percentile95": 49
                    },
                    "txPacketsPerSecond": {
                        "mean": 30.466666666666665,
                        "max": 55,
                        "min": 20,
                        "median": 29,
                        "percentile95": 55
                    }
                },
                "lo": {
                    "rxBytesPerSecond": {
                        "mean": 4605.8,
                        "max": 16903,
                        "min": 18,
                        "median": 1927,
                        "percentile95": 16903
                    },
                    "txBytesPerSecond": {
                        "mean": 4605.8,
                        "max": 16903,
                        "min": 18,
                        "median": 1927,
                        "percentile95": 16903
                    },
                    "rxPacketsPerSecond": {
                        "mean": 1.0666666666666667,
                        "max": 2,
                        "min": 0,
                        "median": 1,
                        "percentile95": 2
                    },
                    "txPacketsPerSecond": {
                        "mean": 1.0666666666666667,
                        "max": 2,
                        "min": 0,
                        "median": 1,
                        "percentile95": 2
                    }
                },
                "ens18": {
                    "rxBytesPerSecond": {
                        "mean": 931651.0666666667,
                        "max": 1114439,
                        "min": 682186,
                        "median": 973210,
                        "percentile95": 1114439
                    },
                    "txBytesPerSecond": {
                        "mean": 962712.0666666667,
                        "max": 1113712,
                        "min": 726294,
                        "median": 1002071,
                        "percentile95": 1113712
                    },
                    "rxPacketsPerSecond": {
                        "mean": 8072.866666666667,
                        "max": 10244,
                        "min": 6194,
                        "median": 8002,
                        "percentile95": 10244
                    },
                    "txPacketsPerSecond": {
                        "mean": 7947.4,
                        "max": 9813,
                        "min": 6164,
                        "median": 7844,
                        "percentile95": 9813
                    }
                }
            }
        },
        "threadDumper": {
            "type": 0
        },
        "dataAggregator": {
            "type": 0,
            "threadGrouper": 1,
            "tickLengthThreshold": 0,
            "numberOfIncludedTicks": 0
        },
        "comment": "",
        "endTime": 1729972912330,
        "numberOfTicks": 0,
        "plugins": {
            "chatsentinel": {
                "name": "ChatSentinel",
                "version": "1.0.2",
                "author": "",
                "description": ""
            },
            "cloudnet-bridge": {
                "name": "CloudNet-Bridge",
                "version": "4.0.0-RC10",
                "author": "",
                "description": ""
            },
            "luckperms": {
                "name": "LuckPerms",
                "version": "5.4.116",
                "author": "",
                "description": ""
            },
            "tebex": {
                "name": "Tebex",
                "version": "2.0.5",
                "author": "",
                "description": ""
            },
            "kaurivpn": {
                "name": "KauriVPN",
                "version": "1.9.2",
                "author": "",
                "description": ""
            },
            "namelessmc": {
                "name": "NamelessMC",
                "version": "3.4.1",
                "author": "",
                "description": ""
            },
            "geyser-bungeecord": {
                "name": "Geyser-BungeeCord",
                "version": "2.4.4-SNAPSHOT",
                "author": "",
                "description": ""
            },
            "spark": {
                "name": "spark",
                "version": "1.10.58",
                "author": "",