{
    "metadata": {
        "startTime": 1713477886918,
        "interval": 4000,
        "platform": {
            "type": 2,
            "version": "3.3.0-SNAPSHOT (git-ad229cbb)",
            "minecraftVersion": "",
            "sparkVersion": 2
        },
        "platformStatistics": {
            "memory": {
                "heap": {
                    "used": 426443512,
                    "total": 478150656
                }
            },
            "gc": {
                "G1 Young Generation": {
                    "total": 1,
                    "avgTime": 10,
                    "avgFrequency": 114906
                },
                "G1 Old Generation": {
                    "total": 0,
                    "avgTime": 0,
                    "avgFrequency": 0
                }
            },
            "uptime": 114916,
            "ping": {
                "last15m": {
                    "mean": 82.22222222222223,
                    "max": 83,
                    "min": 81,
                    "median": 82,
                    "percentile95": 83
                }
            },
            "playerCount": 2
        },
        "systemStatistics": {
            "cpu": {
                "threads": 16,
                "processUsage": {
                    "last1m": 0.005299140631517522,
                    "last15m": 0.014311537924397075
                },
                "systemUsage": {
                    "last1m": 0.1278793597371323,
                    "last15m": 0.17933616643558647
                },
                "modelName": "Intel(R) Core(TM) i9-9900K CPU @ 3.60GHz"
            },
            "memory": {
                "physical": {
                    "used": 32097521664,
                    "total": 66881683456
                },
                "swap": {
                    "used": 0,
                    "total": 512000000
                }
            },
            "gc": {
                "G1 Young Generation": {
                    "total": 19,
                    "avgTime": 3.9473684210526314,
                    "avgFrequency": 6159
                },
                "G1 Old Generation": {
                    "total": 0,
                    "avgTime": 0,
                    "avgFrequency": 0
                }
            },
            "disk": {
                "used": 238429093888,
                "total": 997333516288
            },
            "os": {
                "arch": "amd64",
                "version": "4.18.0-513.18.1.el8_9.x86_64"
            },
            "java": {
                "vendor": "Amazon.com Inc.",
                "version": "19.0.2"
            },
            "uptime": 117108,
            "net": {
                "lo": {
                    "rxBytesPerSecond": {
                        "mean": 28,
                        "max": 28,
                        "min": 28,
                        "median": 28,
                        "percentile95": 28
                    },
                    "txBytesPerSecond": {
                        "mean": 28,
                        "max": 28,
                        "min": 28,
                        "median": 28,
                        "percentile95": 28
                    },
                    "rxPacketsPerSecond": {
                        "mean": 0,
                        "max": 0,
                        "min": 0,
                        "median": 0,
                        "percentile95": 0
                    },
                    "txPacketsPerSecond": {
                        "mean": 0,
                        "max": 0,
                        "min": 0,
                        "median": 0,
                        "percentile95": 0
                    }
                },
                "eth0": {
                    "rxBytesPerSecond": {
                        "mean": 1196591,
                        "max": 1196591,
                        "min": 1196591,
                        "median": 1196591,
                        "percentile95": 1196591
                    },
                    "txBytesPerSecond": {
                        "mean": 502612,
                        "max": 502612,
                        "min": 502612,
                        "median": 502612,
                        "percentile95": 502612
                    },
                    "rxPacketsPerSecond": {
                        "mean": 373,
                        "max": 373,
                        "min": 373,
                        "median": 373,
                        "percentile95": 373
                    },
                    "txPacketsPerSecond": {
                        "mean": 198,
                        "max": 198,
                        "min": 198,
                        "median": 198,
                        "percentile95": 198
                    }
                }
            }
        },
        "threadDumper": {
            "type": 0
        },
        "dataAggregator": {
            "type": 0,
            "threadGrouper": 1,
            "tickLengthThreshold": 0,
            "numberOfIncludedTicks": 0
        },
        "comment": "",
        "endTime": 1713477891361,
        "numberOfTicks": 0,
        "plugins": {
            "ajqueue": {
                "name": "ajqueue",
                "version": "2.6.0"
            },
            "forcepack": {
                "name": "forcepack",
                "version": "1.3.4"
            },
            "litebans": {
                "name": "litebans",
                "version": "2.15.0"
            },
            "luckperms": {
                "name": "luckperms",
                "version": "5.4.122"
            },
            "protocolize": {
                "name": "protocolize",
                "version": "v2"
            },
            "pl-hide-pro": {
                "name": "pl-hide-pro",
                "version": "2.9.2"
            },
            "spark": {
                "name": "spark",
                "version": "1.10.63"
            },
            "tcpshield": {
                "name": "tcpshield",
                "version": "2.7.0"
            }
        },
        "samplerMode": 0
    }
}