{
    "metadata": {
        "startTime": 1720374656489,
        "interval": 4000,
        "platform": {
            "type": 0,
            "version": "36.2.42",
            "minecraftVersion": "1.16.5",
            "sparkVersion": 2
        },
        "platformStatistics": {
            "memory": {
                "heap": {
                    "used": 2069976992,
                    "total": 2826960896
                }
            },
            "gc": {
                "G1 Young Generation": {
                    "total": 0,
                    "avgTime": 0,
                    "avgFrequency": 0
                },
                "G1 Concurrent GC": {
                    "total": 0,
                    "avgTime": 0,
                    "avgFrequency": 0
                },
                "G1 Old Generation": {
                    "total": 0,
                    "avgTime": 0,
                    "avgFrequency": 0
                }
            },
            "uptime": 177475,
            "tps": {
                "last1m": 20.000018142683125,
                "last5m": 20.000237703558447,
                "last15m": 20.000079233891675
            },
            "mspt": {
                "last1m": {
                    "mean": 5.7234654958333335,
                    "max": 94.700027,
                    "min": 3.797056,
                    "median": 5.308652,
                    "percentile95": 8.400075
                },
                "last5m": {
                    "mean": 8.369689969659822,
                    "max": 2594.648978,
                    "min": 3.797056,
                    "median": 5.851414,
                    "percentile95": 13.547436
                }
            },
            "playerCount": 0
        },
        "systemStatistics": {
            "cpu": {
                "threads": 3,
                "processUsage": {
                    "last1m": 0.058722222222222224,
                    "last15m": 0.2562902588373838
                },
                "systemUsage": {
                    "last1m": 0.05868988333333333,
                    "last15m": 0.2563386959376755
                },
                "modelName": "AMD Ryzen 7 3700X 8-Core Processor"
            },
            "memory": {
                "physical": {
                    "used": 114812764160,
                    "total": 134953902080
                },
                "swap": {
                    "used": 0,
                    "total": 0
                }
            },
            "gc": {
                "G1 Young Generation": {
                    "total": 71,
                    "avgTime": 48.71830985915493,
                    "avgFrequency": 3036
                },
                "G1 Concurrent GC": {
                    "total": 14,
                    "avgTime": 14.642857142857142,
                    "avgFrequency": 15629
                },
                "G1 Old Generation": {
                    "total": 0,
                    "avgTime": 0,
                    "avgFrequency": 0
                }
            },
            "disk": {
                "used": 102133784576,
                "total": 974358441984
            },
            "os": {
                "arch": "amd64",
                "version": "6.1.0-22-amd64"
            },
            "java": {
                "vendor": "Azul Systems, Inc.",
                "version": "21.0.3",
                "vendorVersion": "Zulu21.34+19-CA",
                "vmArgs": "-Xms128M -XX:MaxRAMPercentage=95.0 -Dterminal.jline=false -Dterminal.ansi=true"
            },
            "uptime": 219020,
            "net": {
                "lo": {
                    "rxBytesPerSecond": {
                        "mean": 8.5,
                        "max": 17,
                        "min": 0,
                        "median": 17,
                        "percentile95": 17
                    },
                    "txBytesPerSecond": {
                        "mean": 8.5,
                        "max": 17,
                        "min": 0,
                        "median": 17,
                        "percentile95": 17
                    },
                    "rxPacketsPerSecond": {
                        "mean": 0,
                        "max": 0,
                        "min": 0,
                        "median": 0,
                        "percentile95": 0
                    },
                    "txPacketsPerSecond": {
                        "mean": 0,
                        "max": 0,
                        "min": 0,
                        "median": 0,
                        "percentile95": 0
                    }
                },
                "eth0": {
                    "rxBytesPerSecond": {
                        "mean": 1171.5,
                        "max": 1379,
                        "min": 964,
                        "median": 1379,
                        "percentile95": 1379
                    },
                    "txBytesPerSecond": {
                        "mean": 197.5,
                        "max": 283,
                        "min": 112,
                        "median": 283,
                        "percentile95": 283
                    },
                    "rxPacketsPerSecond": {
                        "mean": 6.5,
                        "max": 7,
                        "min": 6,
                        "median": 7,
                        "percentile95": 7
                    },
                    "txPacketsPerSecond": {
                        "mean": 0.5,
                        "max": 1,
                        "min": 0,
                        "median": 1,
                        "percentile95": 1
                    }
                }
            }
        },
        "threadDumper": {
            "type": 1,
            "ids": [
                49
            ]
        },
        "dataAggregator": {
            "type": 0,
            "threadGrouper": 1,
            "tickLengthThreshold": 0,
            "numberOfIncludedTicks": 0
        },
        "comment": "",
        "endTime": 0,
        "numberOfTicks": 0,
        "samplerMode": 0
    }
}