{
    "metadata": {
        "startTime": 1713212894480,
        "interval": 4000,
        "platform": {
            "type": 0,
            "version": "git-Purpur-2155 (MC: 1.20.4)",
            "minecraftVersion": "1.20.4",
            "sparkVersion": 2
        },
        "platformStatistics": {
            "memory": {
                "heap": {
                    "used": 1045729016,
                    "total": 1326448640
                }
            },
            "uptime": 1242545,
            "tps": {
                "last1m": 20.00012533411876,
                "last5m": 19.999998613333428,
                "last15m": 20.000009040004088
            },
            "mspt": {
                "last1m": {
                    "mean": 1.11966,
                    "max": 298.05,
                    "min": 0.2745,
                    "median": 0.5309,
                    "percentile95": 1.4287
                },
                "last5m": {
                    "mean": 1.1023326333333334,
                    "max": 298.05,
                    "min": 0.2745,
                    "median": 0.8578,
                    "percentile95": 1.7091
                }
            },
            "playerCount": 0
        },
        "systemStatistics": {
            "cpu": {
                "threads": 6,
                "processUsage": {
                    "last1m": 0.008381487608473943,
                    "last15m": 0.013586326214173225
                },
                "systemUsage": {
                    "last1m": 0.415149698467607,
                    "last15m": 0.4711018903399652
                },
                "modelName": ""
            },
            "memory": {
                "physical": {
                    "used": 11978420224,
                    "total": 17110405120
                },
                "swap": {
                    "used": 17956413440,
                    "total": 29458436096
                }
            },
            "gc": {
                "G1 Young Generation": {
                    "total": 59,
                    "avgTime": 16.74576271186441,
                    "avgFrequency": 21545
                },
                "G1 Old Generation": {
                    "total": 0,
                    "avgTime": 0,
                    "avgFrequency": 0
                }
            },
            "disk": {
                "used": 200971632640,
                "total": 1000202039296
            },
            "os": {
                "arch": "amd64",
                "version": "10.0"
            },
            "java": {
                "vendor": "Oracle Corporation",
                "version": "17.0.1",
                "vendorVersion": "unknown",
                "vmArgs": "-Xmx2G"
            },
            "uptime": 1272144
        },
        "threadDumper": {
            "type": 1,
            "ids": [
                29
            ]
        },
        "dataAggregator": {
            "type": 0,
            "threadGrouper": 1,
            "tickLengthThreshold": 0,
            "numberOfIncludedTicks": 0
        },
        "comment": "",
        "endTime": 0,
        "numberOfTicks": 0,
        "samplerMode": 0
    }
}