{
    "metadata": {
        "platform": {
            "type": 0,
            "version": "git-Purpur-2176 (MC: 1.20.4)",
            "minecraftVersion": "1.20.4",
            "sparkVersion": 2,
            "brand": ""
        },
        "platformStatistics": {
            "memory": {
                "heap": {
                    "used": 2923609464,
                    "total": 3011510272
                }
            },
            "uptime": 77515562,
            "tps": {
                "last1m": 19.98563873737008,
                "last5m": 19.635445981021558,
                "last15m": 19.72678733502351
            },
            "mspt": {
                "last1m": {
                    "mean": 0.22601191,
                    "max": 14.385549,
                    "min": 0.063247,
                    "median": 0.174032,
                    "percentile95": 0.336181
                },
                "last5m": {
                    "mean": 4.361591236166666,
                    "max": 2449.438174,
                    "min": 0.063247,
                    "median": 0.342522,
                    "percentile95": 1.179127
                }
            },
            "ping": {
                "last15m": {
                    "mean": 274.0888888888889,
                    "max": 1598,
                    "min": 19,
                    "median": 206,
                    "percentile95": 679
                }
            },
            "playerCount": 0,
            "world": {
                "totalEntities": 13,
                "entityCounts": {
                    "item": 1,
                    "chicken": 5,
                    "parrot": 2,
                    "sheep": 1,
                    "player": 4
                },
                "worlds": [
                    {
                        "totalEntities": 9,
                        "regions": [
                            {
                                "totalEntities": 3,
                                "chunks": [
                                    {
                                        "x": 3,
                                        "z": -3,
                                        "totalEntities": 2,
                                        "entityCounts": {
                                            "item": 1,
                                            "chicken": 1
                                        }
                                    },
                                    {
                                        "x": 4,
                                        "z": -4,
                                        "totalEntities": 1,
                                        "entityCounts": {
                                            "player": 1
                                        }
                                    }
                                ]
                            },
                            {
                                "totalEntities": 1,
                                "chunks": [
                                    {
                                        "x": 2,
                                        "z": -1,
                                        "totalEntities": 1,
                                        "entityCounts": {
                                            "player": 1
                                        }
                                    }
                                ]
                            },
                            {
                                "totalEntities": 4,
                                "chunks": [
                                    {
                                        "x": 7,
                                        "z": 1,
                                        "totalEntities": 1,
                                        "entityCounts": {
                                            "chicken": 1
                                        }
                                    },
                                    {
                                        "x": 6,
                                        "z": 1,
                                        "totalEntities": 2,
                                        "entityCounts": {
                                            "chicken": 2
                                        }
                                    },
                                    {
                                        "x": 8,
                                        "z": 2,
                                        "totalEntities": 1,
                                        "entityCounts": {
                                            "parrot": 1
                                        }
                                    }
                                ]
                            },
                            {
                                "totalEntities": 1,
                                "chunks": [
                                    {
                                        "x": 8,
                                        "z": -2,
                                        "totalEntities": 1,
                                        "entityCounts": {
                                            "parrot": 1
                                        }
                                    }
                                ]
                            }
                        ]
                    },
                    {
                        "totalEntities": 4,
                        "regions": [
                            {
                                "totalEntities": 2,
                                "chunks": [
                                    {
                                        "x": 0,
                                        "z": -1,
                                        "totalEntities": 1,
                                        "entityCounts": {
                                            "player": 1
                                        }
                                    },
                                    {
                                        "x": -1,
                                        "z": -1,
                                        "totalEntities": 1,
                                        "entityCounts": {
                                            "player": 1
                                        }
                                    }
                                ]
                            },
                            {
                                "totalEntities": 1,
                                "chunks": [
                                    {
                                        "x": 3,
                                        "z": 4,
                                        "totalEntities": 1,
                                        "entityCounts": {
                                            "chicken": 1
                                        }
                                    }
                                ]
                            },
                            {
                                "totalEntities": 1,
                                "chunks": [
                                    {
                                        "x": 5,
                                        "z": 3,
                                        "totalEntities": 1,
                                        "entityCounts": {
                                            "sheep": 1
                                        }
                                    }
                                ]
                            }
                        ]
                    }
                ]
            }
        },
        "systemStatistics": {
            "cpu": {
                "threads": 2,
                "processUsage": {
                    "last1m": 0.21556128300109625,