{
    "metadata": {
        "startTime": 1729433661381,
        "interval": 4000,
        "platform": {
            "type": 2,
            "version": "3.3.0-SNAPSHOT (git-2016d148-b436)",
            "minecraftVersion": "",
            "sparkVersion": 2,
            "brand": "Velocity"
        },
        "platformStatistics": {
            "memory": {
                "heap": {
                    "used": 479842544,
                    "committed": 1291845632,
                    "init": 0,
                    "max": 0
                }
            },
            "gc": {
                "G1 Young Generation": {
                    "total": 17,
                    "avgTime": 41.76470588235294,
                    "avgFrequency": 20024300
                },
                "G1 Concurrent GC": {
                    "total": 10,
                    "avgTime": 47.7,
                    "avgFrequency": 34041334
                },
                "G1 Old Generation": {
                    "total": 0,
                    "avgTime": 0,
                    "avgFrequency": 0
                }
            },
            "uptime": 340413826,
            "ping": {
                "last15m": {
                    "mean": 60.422222222222224,
                    "max": 211,
                    "min": 56,
                    "median": 57,
                    "percentile95": 63
                }
            },
            "playerCount": 0,
            "onlineMode": 0
        },
        "systemStatistics": {
            "cpu": {
                "threads": 1,
                "processUsage": {
                    "last1m": 0.6073333333333334,
                    "last15m": 0.10429029982363316
                },
                "systemUsage": {
                    "last1m": 0.5977623518518519,
                    "last15m": 0.10274894756613756
                },
                "modelName": "AMD Ryzen 9 5950X 16-Core Processor"
            },
            "memory": {
                "physical": {
                    "used": 89910677504,
                    "total": 134982262784
                },
                "swap": {
                    "used": 0,
                    "total": 0
                }
            },
            "gc": {
                "G1 Young Generation": {
                    "total": 542,
                    "avgTime": 10.16789667896679,
                    "avgFrequency": 628074
                },
                "G1 Concurrent GC": {
                    "total": 190,
                    "avgTime": 21.86315789473684,
                    "avgFrequency": 1791673
                },
                "G1 Old Generation": {
                    "total": 0,
                    "avgTime": 0,
                    "avgFrequency": 0
                }
            },
            "disk": {
                "used": 3560560988160,
                "total": 3773883293696
            },
            "os": {
                "arch": "amd64",
                "version": "6.1.0-13-amd64"
            },
            "java": {
                "vendor": "Eclipse Adoptium",
                "version": "21.0.3",
                "vendorVersion": "Temurin-21.0.3+9"
            },
            "uptime": 340422132,
            "net": {
                "lo": {
                    "rxBytesPerSecond": {
                        "mean": 75.06666666666666,
                        "max": 127,
                        "min": 47,
                        "median": 71,
                        "percentile95": 127
                    },
                    "txBytesPerSecond": {
                        "mean": 75.06666666666666,
                        "max": 127,
                        "min": 47,
                        "median": 71,
                        "percentile95": 127
                    },
                    "rxPacketsPerSecond": {
                        "mean": 0.9333333333333333,
                        "max": 1,
                        "min": 0,
                        "median": 1,
                        "percentile95": 1
                    },
                    "txPacketsPerSecond": {
                        "mean": 0.9333333333333333,
                        "max": 1,
                        "min": 0,
                        "median": 1,
                        "percentile95": 1
                    }
                },
                "eth0": {
                    "rxBytesPerSecond": {
                        "mean": 2568.6666666666665,
                        "max": 3213,
                        "min": 2197,
                        "median": 2545,
                        "percentile95": 3213
                    },
                    "txBytesPerSecond": {
                        "mean": 2250.4666666666667,
                        "max": 3398,
                        "min": 1915,
                        "median": 2189,
                        "percentile95": 3398
                    },
                    "rxPacketsPerSecond": {
                        "mean": 14.866666666666667,
                        "max": 16,
                        "min": 14,
                        "median": 15,
                        "percentile95": 16
                    },
                    "txPacketsPerSecond": {
                        "mean": 21.933333333333334,
                        "max": 24,
                        "min": 21,
                        "median": 22,
                        "percentile95": 24
                    }
                }
            }
        },
        "threadDumper": {
            "type": 0
        },
        "dataAggregator": {
            "type": 0,
            "threadGrouper": 1,
            "tickLengthThreshold": 0,
            "numberOfIncludedTicks": 0
        },
        "comment": "",
        "endTime": 1729433807449,
        "numberOfTicks": 0,
        "plugins": {
            "ajqueue": {
                "name": "ajqueue",
                "version": "2.7.0",
                "author": "",
                "description": ""
            },
            "floodgate": {
                "name": "floodgate",
                "version": "2.2.3-SNAPSHOT (b112-0360721)",
                "author": "",
                "description": ""
            },
            "geyser": {
                "name": "geyser",
                "version": "2.4.3-b689 (git-master-d64c0b3)",
                "author": "",
                "description": ""
            },
            "litebans": {
                "name": "litebans",
                "version": "2.15.1",
                "author": "",
                "description": ""
            },
            "luckperms": {
                "name": "luckperms",
                "version": "5.4.119",
                "author": "",
                "description": ""
            },
            "maintenance": {
                "name": "maintenance",
                "version": "4.2.1",
                "author": "",
                "description": ""
            },
            "minimotd-velocity": {
                "name": "minimotd-velocity",
                "version": "2.1.0",
                "author": "",
                "description": ""
            },
            "nuvotifier": {
                "name": "nuvotifier",
                "version": "2.7.3",
                "author": "",
                "description": ""
            },
            "vpacketevents": {
                "name": "vpacketevents",
                "version": "1.1.0",
                "author": "",
                "description": ""
            },
            "plan": {
                "name": "plan",
                "version": "5.6 build 2883",
                "author": "",
                "description": ""
            },
            "spark": {
                "name": "spark",
                "version": "1.10.74",
                "author": "",
                "description": ""
            },
            "tebex": {
                "name": "tebex",
                "version": "2.0.5",