{
    "metadata": {
        "startTime": 1713807347279,
        "interval": 4000,
        "platform": {
            "type": 2,
            "version": "1.20-R0.2-SNAPSHOT",
            "minecraftVersion": "",
            "sparkVersion": 2
        },
        "platformStatistics": {
            "memory": {
                "heap": {
                    "used": 6599172424,
                    "total": 9453961216
                }
            },
            "gc": {
                "G1 Young Generation": {
                    "total": 406,
                    "avgTime": 13.507389162561577,
                    "avgFrequency": 408695
                },
                "G1 Old Generation": {
                    "total": 0,
                    "avgTime": 0,
                    "avgFrequency": 0
                }
            },
            "uptime": 165935715,
            "ping": {
                "last15m": {
                    "mean": 71.72222222222223,
                    "max": 78,
                    "min": 62,
                    "median": 72,
                    "percentile95": 77
                }
            },
            "playerCount": 28
        },
        "systemStatistics": {
            "cpu": {
                "threads": 32,
                "processUsage": {
                    "last1m": 0.003180762190248349,
                    "last15m": 0.0036170934756790942
                },
                "systemUsage": {
                    "last1m": 0.03326449039310881,
                    "last15m": 0.03473000178293774
                },
                "modelName": "AMD Ryzen 9 5950X 16-Core Processor"
            },
            "memory": {
                "physical": {
                    "used": 109021024256,
                    "total": 135044251648
                },
                "swap": {
                    "used": 36700160,
                    "total": 4289720320
                }
            },
            "gc": {
                "G1 Young Generation": {
                    "total": 18878,
                    "avgTime": 8.842038351520289,
                    "avgFrequency": 8781
                },
                "G1 Old Generation": {
                    "total": 1,
                    "avgTime": 33,
                    "avgFrequency": 165939784
                }
            },
            "disk": {
                "used": 149580222464,
                "total": 2127283216384
            },
            "os": {
                "arch": "amd64",
                "version": "5.10.0-26-amd64"
            },
            "java": {
                "vendor": "Oracle Corporation",
                "version": "17.0.10",
                "vendorVersion": "unknown",
                "vmArgs": "-Xms256M -Xmx12G"
            },
            "uptime": 165939817,
            "net": {
                "lo": {
                    "rxBytesPerSecond": {
                        "mean": 1743657.2666666666,
                        "max": 2710261,
                        "min": 1190176,
                        "median": 1668287,
                        "percentile95": 2710261
                    },
                    "txBytesPerSecond": {
                        "mean": 1743657.2666666666,
                        "max": 2710261,
                        "min": 1190176,
                        "median": 1668287,
                        "percentile95": 2710261
                    },
                    "rxPacketsPerSecond": {
                        "mean": 1302.6666666666667,
                        "max": 1642,
                        "min": 1001,
                        "median": 1246,
                        "percentile95": 1642
                    },
                    "txPacketsPerSecond": {
                        "mean": 1302.6666666666667,
                        "max": 1642,
                        "min": 1001,
                        "median": 1246,
                        "percentile95": 1642
                    }
                },
                "enp7s0": {
                    "rxBytesPerSecond": {
                        "mean": 62947.666666666664,
                        "max": 76180,
                        "min": 51729,
                        "median": 58525,
                        "percentile95": 76180
                    },
                    "txBytesPerSecond": {
                        "mean": 681950.6666666666,
                        "max": 808173,
                        "min": 567437,
                        "median": 681139,
                        "percentile95": 808173
                    },
                    "rxPacketsPerSecond": {
                        "mean": 840.1333333333333,
                        "max": 1010,
                        "min": 696,
                        "median": 788,
                        "percentile95": 1010
                    },
                    "txPacketsPerSecond": {
                        "mean": 1107.3333333333333,
                        "max": 1294,
                        "min": 941,
                        "median": 1045,
                        "percentile95": 1294
                    }
                }
            }
        },
        "threadDumper": {
            "type": 0
        },
        "dataAggregator": {
            "type": 0,
            "threadGrouper": 1,
            "tickLengthThreshold": 0,
            "numberOfIncludedTicks": 0
        },
        "comment": "",
        "endTime": 1713822288305,
        "numberOfTicks": 0,
        "plugins": {
            "module-kick": {
                "name": "module-kick",
                "version": "3.8.3"
            },
            "module-send": {
                "name": "module-send",
                "version": "3.8.3"
            },
            "pixelmotd": {
                "name": "PixelMOTD",
                "version": "9.4.1-SNAPSHOT"
            },
            "luckperms": {
                "name": "LuckPerms",
                "version": "5.4.122"
            },
            "skinsrestorer": {
                "name": "SkinsRestorer",
                "version": "15.0.10"
            },
            "spark": {
                "name": "spark",
                "version": "1.10.63"
            },
            "nullcordx-bridge": {
                "name": "NullCordX-Bridge",
                "version": "3.8.3"
            }
        },
        "samplerMode": 0
    }
}