{
    "metadata": {
        "startTime": 1725427518916,
        "interval": 4000,
        "platform": {
            "type": 0,
            "version": "36.2.42",
            "minecraftVersion": "1.16.5",
            "sparkVersion": 2,
            "brand": ""
        },
        "platformStatistics": {
            "memory": {
                "heap": {
                    "used": 5582150144,
                    "committed": 17179869184,
                    "init": 0,
                    "max": 0
                }
            },
            "uptime": 388161,
            "tps": {
                "last1m": 19.999829534786265,
                "last5m": 19.82823617248985,
                "last15m": 19.942543197554453
            },
            "mspt": {
                "last1m": {
                    "mean": 7.441239166666667,
                    "max": 715.193,
                    "min": 3.6052,
                    "median": 6.2673,
                    "percentile95": 11.6712
                },
                "last5m": {
                    "mean": 7.516282,
                    "max": 2690.482,
                    "min": 0.9112,
                    "median": 5.9146,
                    "percentile95": 11.8643
                }
            },
            "ping": {
                "last15m": {
                    "mean": 559.9310344827586,
                    "max": 880,
                    "min": 336,
                    "median": 533,
                    "percentile95": 880
                }
            },
            "playerCount": 0,
            "onlineMode": 0
        },
        "systemStatistics": {
            "cpu": {
                "threads": 32,
                "processUsage": {
                    "last1m": 0.014694822991906095,
                    "last15m": 0.014489023208643117
                },
                "systemUsage": {
                    "last1m": 0.08507886811601914,
                    "last15m": 0.06534186114070409
                },
                "modelName": ""
            },
            "memory": {
                "physical": {
                    "used": 35696222208,
                    "total": 67805597696
                },
                "swap": {
                    "used": 45333254144,
                    "total": 78006145024
                }
            },
            "gc": {
                "G1 Young Generation": {
                    "total": 15,
                    "avgTime": 60.93333333333333,
                    "avgFrequency": 28061
                },
                "G1 Old Generation": {
                    "total": 0,
                    "avgTime": 0,
                    "avgFrequency": 0
                }
            },
            "disk": {
                "used": 1353289420800,
                "total": 1999805366272
            },
            "os": {
                "arch": "amd64",
                "version": "10.0"
            },
            "java": {
                "vendor": "Oracle Corporation",
                "version": "11.0.22",
                "vendorVersion": "18.9"
            },
            "uptime": 421838
        },
        "threadDumper": {
            "type": 1,
            "ids": [
                172
            ]
        },
        "dataAggregator": {
            "type": 0,
            "threadGrouper": 1,
            "tickLengthThreshold": 0,
            "numberOfIncludedTicks": 0
        },
        "comment": "",
        "endTime": 0,
        "numberOfTicks": 0,
        "samplerMode": 0
    }
}