{
    "metadata": {
        "startTime": 1722028600321,
        "interval": 4000,
        "platform": {
            "type": 0,
            "version": "36.2.34",
            "minecraftVersion": "1.16.5",
            "sparkVersion": 2,
            "brand": ""
        },
        "platformStatistics": {
            "memory": {
                "heap": {
                    "used": 3929642208,
                    "committed": 5103419392,
                    "init": 0,
                    "max": 0
                }
            },
            "gc": {
                "PS Scavenge": {
                    "total": 1903,
                    "avgTime": 127.74251182343667,
                    "avgFrequency": 43498
                },
                "PS MarkSweep": {
                    "total": 1,
                    "avgTime": 2404,
                    "avgFrequency": 83018553
                }
            },
            "uptime": 83020957,
            "tps": {
                "last1m": 18.627386877025195,
                "last5m": 17.38951754868767,
                "last15m": 17.64433852241053
            },
            "mspt": {
                "last1m": {
                    "mean": 47.325333065,
                    "max": 231.514757,
                    "min": 5.279114,
                    "median": 46.208793,
                    "percentile95": 75.669144
                },
                "last5m": {
                    "mean": 50.60936645333334,
                    "max": 422.45943,
                    "min": 2.927582,
                    "median": 49.813847,
                    "percentile95": 82.526378
                }
            },
            "ping": {
                "last15m": {
                    "mean": 90.4,
                    "max": 192,
                    "min": 40,
                    "median": 87,
                    "percentile95": 192
                }
            },
            "playerCount": 0,
            "onlineMode": 0
        },
        "systemStatistics": {
            "cpu": {
                "threads": 32,
                "processUsage": {
                    "last1m": 0.03879282246774291,
                    "last15m": 0.032185328030227875
                },
                "systemUsage": {
                    "last1m": 0.9646705841688852,
                    "last15m": 0.9596690116309247
                },
                "modelName": "AMD Ryzen 9 7950X 16-Core Processor"
            },
            "memory": {
                "physical": {
                    "used": 67976929280,
                    "total": 134234001408
                },
                "swap": {
                    "used": 10995527680,
                    "total": 25567420416
                }
            },
            "gc": {
                "PS Scavenge": {
                    "total": 2593,
                    "avgTime": 126.64596991901273,
                    "avgFrequency": 31961
                },
                "PS MarkSweep": {
                    "total": 6,
                    "avgTime": 1221.1666666666667,
                    "avgFrequency": 13866098
                }
            },
            "disk": {
                "used": 322924429312,
                "total": 909269602304
            },
            "os": {
                "arch": "amd64",
                "version": "5.10.0-27-amd64"
            },
            "java": {
                "vendor": "Oracle Corporation",
                "version": "1.8.0_275",
                "vendorVersion": "unknown",
                "vmArgs": "-Xmx6144M -Xms1024M -Djline.terminal=jline.UnsupportedTerminal"
            },
            "uptime": 83203915,
            "net": {
                "lo": {
                    "rxBytesPerSecond": {
                        "mean": 0,
                        "max": 0,
                        "min": 0,
                        "median": 0,
                        "percentile95": 0
                    },
                    "txBytesPerSecond": {
                        "mean": 0,
                        "max": 0,
                        "min": 0,
                        "median": 0,
                        "percentile95": 0
                    },
                    "rxPacketsPerSecond": {
                        "mean": 0,
                        "max": 0,
                        "min": 0,
                        "median": 0,
                        "percentile95": 0
                    },
                    "txPacketsPerSecond": {
                        "mean": 0,
                        "max": 0,
                        "min": 0,
                        "median": 0,
                        "percentile95": 0
                    }
                },
                "eth0": {
                    "rxBytesPerSecond": {
                        "mean": 12360.2,
                        "max": 21049,
                        "min": 6555,
                        "median": 13359,
                        "percentile95": 21049
                    },
                    "txBytesPerSecond": {
                        "mean": 27923.6,
                        "max": 54832,
                        "min": 11059,
                        "median": 28030,
                        "percentile95": 54832
                    },
                    "rxPacketsPerSecond": {
                        "mean": 189.4,
                        "max": 311,
                        "min": 103,
                        "median": 204,
                        "percentile95": 311
                    },
                    "txPacketsPerSecond": {
                        "mean": 228.13333333333333,
                        "max": 340,
                        "min": 138,
                        "median": 225,
                        "percentile95": 340
                    }
                }
            }
        },
        "threadDumper": {
            "type": 1,
            "ids": [
                122
            ]
        },
        "dataAggregator": {
            "type": 0,
            "threadGrouper": 1,
            "tickLengthThreshold": 0,
            "numberOfIncludedTicks": 0
        },
        "comment": "",
        "endTime": 0,
        "numberOfTicks": 0,
        "samplerMode": 0
    }
}