{
    "metadata": {
        "startTime": 1716416585264,
        "interval": 4000,
        "platform": {
            "type": 0,
            "version": "36.2.34",
            "minecraftVersion": "1.16.5",
            "sparkVersion": 2
        },
        "platformStatistics": {
            "memory": {
                "heap": {
                    "used": 2914806104,
                    "total": 7867465728
                }
            },
            "gc": {
                "PS Scavenge": {
                    "total": 29,
                    "avgTime": 136.58620689655172,
                    "avgFrequency": 18656
                },
                "PS MarkSweep": {
                    "total": 0,
                    "avgTime": 0,
                    "avgFrequency": 0
                }
            },
            "uptime": 544998,
            "tps": {
                "last1m": 20.000028251039907,
                "last5m": 20.00000205326688,
                "last15m": 19.945522954314704
            },
            "mspt": {
                "last1m": {
                    "mean": 12.538328643333333,
                    "max": 156.431549,
                    "min": 8.332227,
                    "median": 10.684562,
                    "percentile95": 24.897893
                },
                "last5m": {
                    "mean": 12.418470515166666,
                    "max": 988.103815,
                    "min": 5.049835,
                    "median": 10.266946,
                    "percentile95": 24.454148
                }
            },
            "ping": {
                "last15m": {
                    "mean": 2893.7659574468084,
                    "max": 11568,
                    "min": 578,
                    "median": 1172,
                    "percentile95": 9539
                }
            },
            "playerCount": 0
        },
        "systemStatistics": {
            "cpu": {
                "threads": 2,
                "processUsage": {
                    "last1m": 0.2763055555555556,
                    "last15m": 0.3250723118324527
                },
                "systemUsage": {
                    "last1m": 0.2762833926340278,
                    "last15m": 0.32506919479378066
                },
                "modelName": "AMD Ryzen 9 5950X 16-Core Processor"
            },
            "memory": {
                "physical": {
                    "used": 97744347136,
                    "total": 135166881792
                },
                "swap": {
                    "used": 0,
                    "total": 0
                }
            },
            "gc": {
                "PS Scavenge": {
                    "total": 88,
                    "avgTime": 115.85227272727273,
                    "avgFrequency": 7157
                },
                "PS MarkSweep": {
                    "total": 6,
                    "avgTime": 768,
                    "avgFrequency": 105903
                }
            },
            "disk": {
                "used": 1390626951168,
                "total": 2127367102464
            },
            "os": {
                "arch": "amd64",
                "version": "4.19.0-17-amd64"
            },
            "java": {
                "vendor": "Temurin",
                "version": "1.8.0_312",
                "vendorVersion": "unknown",
                "vmArgs": "-Xms128M -Xmx8000M -Dterminal.jline=false -Dterminal.ansi=true -Xms8000M -Xmx8000M"
            },
            "uptime": 640029,
            "net": {
                "lo": {
                    "rxBytesPerSecond": {
                        "mean": 3,
                        "max": 9,
                        "min": 0,
                        "median": 0,
                        "percentile95": 9
                    },
                    "txBytesPerSecond": {
                        "mean": 3,
                        "max": 9,
                        "min": 0,
                        "median": 0,
                        "percentile95": 9
                    },
                    "rxPacketsPerSecond": {
                        "mean": 0,
                        "max": 0,
                        "min": 0,
                        "median": 0,
                        "percentile95": 0
                    },
                    "txPacketsPerSecond": {
                        "mean": 0,
                        "max": 0,
                        "min": 0,
                        "median": 0,
                        "percentile95": 0
                    }
                },
                "eth0": {
                    "rxBytesPerSecond": {
                        "mean": 14419.333333333334,
                        "max": 20725,
                        "min": 99,
                        "median": 16799,
                        "percentile95": 20725
                    },
                    "txBytesPerSecond": {
                        "mean": 583685.8888888889,
                        "max": 725635,
                        "min": 2068,
                        "median": 646967,
                        "percentile95": 725635
                    },
                    "rxPacketsPerSecond": {
                        "mean": 232.77777777777777,
                        "max": 324,
                        "min": 2,
                        "median": 273,
                        "percentile95": 324
                    },
                    "txPacketsPerSecond": {
                        "mean": 462.55555555555554,
                        "max": 916,
                        "min": 1,
                        "median": 327,
                        "percentile95": 916
                    }
                }
            }
        },
        "threadDumper": {
            "type": 1,
            "ids": [
                58
            ]
        },
        "dataAggregator": {
            "type": 0,
            "threadGrouper": 1,
            "tickLengthThreshold": 0,
            "numberOfIncludedTicks": 0
        },
        "comment": "",
        "endTime": 0,
        "numberOfTicks": 0,
        "samplerMode": 0
    }
}