{
    "metadata": {
        "startTime": 1725272350273,
        "interval": 4000,
        "platform": {
            "type": 2,
            "version": "3.3.0-SNAPSHOT (git-6100e675-b416)",
            "minecraftVersion": "",
            "sparkVersion": 2,
            "brand": "Velocity"
        },
        "platformStatistics": {
            "memory": {
                "heap": {
                    "used": 4055502520,
                    "committed": 6442450944,
                    "init": 0,
                    "max": 0
                }
            },
            "gc": {
                "G1 Young Generation": {
                    "total": 28,
                    "avgTime": 75.10714285714286,
                    "avgFrequency": 26275302
                },
                "G1 Concurrent GC": {
                    "total": 0,
                    "avgTime": 0,
                    "avgFrequency": 0
                },
                "G1 Old Generation": {
                    "total": 0,
                    "avgTime": 0,
                    "avgFrequency": 0
                }
            },
            "uptime": 735710560,
            "ping": {
                "last15m": {
                    "mean": 45.766666666666666,
                    "max": 49,
                    "min": 43,
                    "median": 46,
                    "percentile95": 47
                }
            },
            "playerCount": 543,
            "onlineMode": 0
        },
        "systemStatistics": {
            "cpu": {
                "threads": 32,
                "processUsage": {
                    "last1m": 0.09206928410148667,
                    "last15m": 0.10999107388227856
                },
                "systemUsage": {
                    "last1m": 0.4403438948107871,
                    "last15m": 0.5764426947444988
                },
                "modelName": "AMD Ryzen 9 5950X 16-Core Processor"
            },
            "memory": {
                "physical": {
                    "used": 86964211712,
                    "total": 135044018176
                },
                "swap": {
                    "used": 22282240,
                    "total": 17179860992
                }
            },
            "gc": {
                "G1 Young Generation": {
                    "total": 2045,
                    "avgTime": 53.675794621026895,
                    "avgFrequency": 359708
                },
                "G1 Concurrent GC": {
                    "total": 36,
                    "avgTime": 20.86111111111111,
                    "avgFrequency": 20436446
                },
                "G1 Old Generation": {
                    "total": 1,
                    "avgTime": 31,
                    "avgFrequency": 735712781
                }
            },
            "disk": {
                "used": 217518120960,
                "total": 980666998784
            },
            "os": {
                "arch": "amd64",
                "version": "5.4.0-193-generic"
            },
            "java": {
                "vendor": "Amazon.com Inc.",
                "version": "21.0.3",
                "vmArgs": "-Xmx6G -Xms6G -XX:+AlwaysPreTouch -XX:+ParallelRefProcEnabled -XX:+UnlockExperimentalVMOptions -XX:+UseG1GC -XX:G1HeapRegionSize=4M -XX:MaxInlineLevel=15"
            },
            "uptime": 735712812,
            "net": {
                "wlp4s0": {
                    "rxBytesPerSecond": {
                        "mean": 0,
                        "max": 0,
                        "min": 0,
                        "median": 0,
                        "percentile95": 0
                    },
                    "txBytesPerSecond": {
                        "mean": 0,
                        "max": 0,
                        "min": 0,
                        "median": 0,
                        "percentile95": 0
                    },
                    "rxPacketsPerSecond": {
                        "mean": 0,
                        "max": 0,
                        "min": 0,
                        "median": 0,
                        "percentile95": 0
                    },
                    "txPacketsPerSecond": {
                        "mean": 0,
                        "max": 0,
                        "min": 0,
                        "median": 0,
                        "percentile95": 0
                    }
                },
                "enp5s0": {
                    "rxBytesPerSecond": {
                        "mean": 3230272.533333333,
                        "max": 3599014,
                        "min": 2924942,
                        "median": 3154574,
                        "percentile95": 3599014
                    },
                    "txBytesPerSecond": {
                        "mean": 18375803.8,
                        "max": 22499768,
                        "min": 16071023,
                        "median": 17301790,
                        "percentile95": 22499768
                    },
                    "rxPacketsPerSecond": {
                        "mean": 43970.2,
                        "max": 49833,
                        "min": 38652,
                        "median": 42830,
                        "percentile95": 49833
                    },
                    "txPacketsPerSecond": {
                        "mean": 87500.73333333334,
                        "max": 104966,
                        "min": 69252,
                        "median": 85526,
                        "percentile95": 104966
                    }
                },
                "lo": {
                    "rxBytesPerSecond": {
                        "mean": 51918013.266666666,
                        "max": 63312960,
                        "min": 46592782,
                        "median": 51083962,
                        "percentile95": 63312960
                    },
                    "txBytesPerSecond": {
                        "mean": 51918013.266666666,
                        "max": 63312960,
                        "min": 46592782,
                        "median": 51083962,
                        "percentile95": 63312960
                    },
                    "rxPacketsPerSecond": {
                        "mean": 234986.46666666667,
                        "max": 315408,
                        "min": 190374,
                        "median": 219175,
                        "percentile95": 315408
                    },
                    "txPacketsPerSecond": {
                        "mean": 234986.46666666667,
                        "max": 315408,
                        "min": 190374,
                        "median": 219175,
                        "percentile95": 315408
                    }
                }
            }
        },
        "threadDumper": {
            "type": 0
        },
        "dataAggregator": {
            "type": 0,
            "threadGrouper": 2,
            "tickLengthThreshold": 0,
            "numberOfIncludedTicks": 0
        },
        "comment": "",
        "endTime": 1725276881169,
        "numberOfTicks": 0,
        "plugins": {
            "ajqueue": {
                "name": "ajqueue",
                "version": "2.7.0",
                "author": ""
            },
            "botsentry": {
                "name": "botsentry",
                "version": "9.6.1-THANATOS",
                "author": ""
            },
            "chatsentinel": {
                "name": "chatsentinel",
                "version": "1.0.1",
                "author": ""
            },
            "commandwhitelist": {
                "name": "commandwhitelist",
                "version": "2.8.1",
                "author": ""
            },
            "luckperms": {
                "name": "luckperms",
                "version": "5.4.128",
                "author": ""
            },
            "librelogin": {
                "name": "librelogin",