{
    "metadata": {
        "startTime": 1714762551525,
        "interval": 4000,
        "platform": {
            "type": 0,
            "version": "36.2.42",
            "minecraftVersion": "1.16.5",
            "sparkVersion": 2
        },
        "platformStatistics": {
            "memory": {
                "heap": {
                    "used": 2111369872,
                    "total": 2315255808
                }
            },
            "gc": {
                "G1 Young Generation": {
                    "total": 0,
                    "avgTime": 0,
                    "avgFrequency": 0
                },
                "G1 Old Generation": {
                    "total": 0,
                    "avgTime": 0,
                    "avgFrequency": 0
                }
            },
            "uptime": 57187167,
            "tps": {
                "last1m": 20.000011957673816,
                "last5m": 20.00000371520069,
                "last15m": 19.999998213511272
            },
            "mspt": {
                "last1m": {
                    "mean": 17.303898655833333,
                    "max": 43.902922,
                    "min": 15.456342,
                    "median": 17.007436,
                    "percentile95": 18.727132
                },
                "last5m": {
                    "mean": 17.299708550166667,
                    "max": 382.778264,
                    "min": 14.413292,
                    "median": 16.941835,
                    "percentile95": 18.53977
                }
            },
            "ping": {
                "last15m": {
                    "mean": 105.44444444444444,
                    "max": 2126,
                    "min": 3,
                    "median": 3,
                    "percentile95": 898
                }
            },
            "playerCount": 0
        },
        "systemStatistics": {
            "cpu": {
                "threads": 4,
                "processUsage": {
                    "last1m": 0.12700800994065622,
                    "last15m": 0.12140185958972842
                },
                "systemUsage": {
                    "last1m": 0.17949191012814308,
                    "last15m": 0.18716379027448823
                },
                "modelName": ""
            },
            "memory": {
                "physical": {
                    "used": 13001793536,
                    "total": 25146789888
                },
                "swap": {
                    "used": 0,
                    "total": 0
                }
            },
            "gc": {
                "G1 Young Generation": {
                    "total": 2992,
                    "avgTime": 9.123997326203208,
                    "avgFrequency": 19151
                },
                "G1 Old Generation": {
                    "total": 0,
                    "avgTime": 0,
                    "avgFrequency": 0
                }
            },
            "disk": {
                "used": 96293081088,
                "total": 97616510976
            },
            "os": {
                "arch": "aarch64",
                "version": "6.5.0-1019-oracle"
            },
            "java": {
                "vendor": "Eclipse Adoptium",
                "version": "11.0.13",
                "vendorVersion": "Temurin-11.0.13+8"
            },
            "uptime": 57327931,
            "net": {
                "lo": {
                    "rxBytesPerSecond": {
                        "mean": 0,
                        "max": 0,
                        "min": 0,
                        "median": 0,
                        "percentile95": 0
                    },
                    "txBytesPerSecond": {
                        "mean": 0,
                        "max": 0,
                        "min": 0,
                        "median": 0,
                        "percentile95": 0
                    },
                    "rxPacketsPerSecond": {
                        "mean": 0,
                        "max": 0,
                        "min": 0,
                        "median": 0,
                        "percentile95": 0
                    },
                    "txPacketsPerSecond": {
                        "mean": 0,
                        "max": 0,
                        "min": 0,
                        "median": 0,
                        "percentile95": 0
                    }
                },
                "eth0": {
                    "rxBytesPerSecond": {
                        "mean": 13.8,
                        "max": 16,
                        "min": 11,
                        "median": 14,
                        "percentile95": 16
                    },
                    "txBytesPerSecond": {
                        "mean": 291,
                        "max": 291,
                        "min": 291,
                        "median": 291,
                        "percentile95": 291
                    },
                    "rxPacketsPerSecond": {
                        "mean": 0,
                        "max": 0,
                        "min": 0,
                        "median": 0,
                        "percentile95": 0
                    },
                    "txPacketsPerSecond": {
                        "mean": 0,
                        "max": 0,
                        "min": 0,
                        "median": 0,
                        "percentile95": 0
                    }
                }
            }
        },
        "threadDumper": {
            "type": 1,
            "ids": [
                89
            ]
        },
        "dataAggregator": {
            "type": 0,
            "threadGrouper": 1,
            "tickLengthThreshold": 0,
            "numberOfIncludedTicks": 0
        },
        "comment": "",
        "endTime": 0,
        "numberOfTicks": 0,
        "samplerMode": 0
    }
}